,RentedBikeCount,Hour,Temperature,Humidity,WindSpeed,Visibility,SolarRadiation
4320,963,0,20.1,63,1.1,1698,0.0
4321,776,1,19.5,65,0.4,1662,0.0
4322,554,2,19.0,72,1.4,1258,0.0
4323,366,3,18.6,72,1.4,1340,0.0
4324,265,4,18.1,76,1.8,561,0.0
4325,306,5,17.8,75,1.0,1210,0.0
4326,672,6,17.5,76,1.2,1161,0.05
4327,1421,7,18.1,64,0.6,923,0.47
4328,2149,8,20.6,55,0.7,1200,1.21
4329,1219,9,23.1,52,1.7,1012,1.88
4330,862,10,25.3,45,1.3,1371,2.45
4331,1036,11,26.8,38,2.6,1879,2.99
4332,1076,12,28.2,34,2.6,1867,3.26
4333,1093,13,29.4,33,2.2,1535,3.3
4334,1071,14,29.6,31,3.7,1988,3.25
4335,1235,15,29.9,36,3.3,1866,2.94
4336,1488,16,29.9,34,3.2,1912,2.46
4337,2123,17,29.2,35,4.3,1967,1.87
4338,3088,18,28.5,36,3.0,1981,1.21
4339,2505,19,26.8,35,1.9,2000,0.54
4340,2163,20,25.0,39,2.8,2000,0.06
4341,2066,21,23.5,44,1.6,2000,0.0
4342,1991,22,22.7,44,1.5,2000,0.0
4343,1440,23,21.8,49,1.6,1965,0.0
4344,1165,0,20.9,53,1.4,1717,0.0
4345,989,1,20.2,57,0.4,1428,0.0
4346,677,2,19.6,60,1.9,1200,0.0
4347,475,3,18.9,63,1.5,1007,0.0
4348,312,4,18.3,66,1.3,929,0.0
4349,264,5,17.8,69,1.1,951,0.0
4350,342,6,17.7,68,1.3,842,0.05
4351,560,7,18.1,59,0.6,789,0.47
4352,898,8,20.4,54,1.0,828,1.23
4353,1005,9,23.3,43,1.2,1257,1.91
4354,1044,10,25.5,33,1.1,1815,2.52
4355,1094,11,27.3,35,2.3,1537,2.98
4356,1253,12,28.3,30,3.0,1675,3.29
4357,1334,13,29.6,24,2.4,1873,3.42
4358,1396,14,29.8,23,3.6,1945,3.32
4359,1535,15,29.8,24,2.9,1939,3.0
4360,1707,16,29.6,26,3.7,2000,2.58
4361,2025,17,28.9,22,2.7,1965,1.93
4362,2246,18,27.4,29,3.6,2000,1.19
4363,2337,19,25.4,33,2.7,2000,0.54
4364,2338,20,23.4,38,2.3,2000,0.06
4365,2238,21,22.1,44,2.5,2000,0.0
4366,1969,22,21.4,48,1.6,2000,0.0
4367,1490,23,20.6,52,0.5,2000,0.0
4368,1248,0,19.7,55,2.0,1986,0.0
4369,902,1,19.2,57,0.8,1985,0.0
4370,673,2,18.6,60,1.8,1841,0.0
4371,437,3,18.0,64,1.3,1560,0.0
4372,294,4,17.4,65,0.8,1093,0.0
4373,193,5,17.1,66,0.3,1370,0.0
4374,228,6,16.9,62,0.4,1768,0.06
4375,423,7,18.0,54,0.7,1997,0.51
4376,659,8,20.3,47,1.5,1785,1.05
4377,831,9,22.7,39,0.7,1880,1.91
4378,938,10,24.8,34,1.3,1869,2.09
4379,977,11,26.7,30,1.1,1782,2.83
4380,1134,12,28.7,27,1.7,1843,3.29
4381,1393,13,29.4,24,2.7,1905,3.18
4382,1399,14,29.8,26,2.2,1818,3.2
4383,1556,15,30.7,21,2.5,1876,2.95
4384,1834,16,30.4,28,3.6,1790,2.48
4385,2131,17,29.5,29,4.1,1944,1.84
4386,2349,18,29.3,25,2.4,1973,1.23
4387,2514,19,27.4,29,2.4,2000,0.5
4388,2460,20,25.3,32,2.2,1997,0.06
4389,2173,21,24.2,32,2.1,2000,0.0
4390,1741,22,23.0,38,1.2,1996,0.0
4391,1274,23,22.0,44,0.8,1978,0.0
4392,938,0,21.4,45,1.4,1964,0.0
4393,596,1,20.7,47,0.9,1987,0.0
4394,351,2,20.1,49,0.8,1978,0.0
4395,244,3,19.6,51,1.0,1923,0.0
4396,172,4,19.4,56,1.2,1752,0.0
4397,299,5,19.2,56,0.9,1772,0.0
4398,742,6,18.9,53,0.3,1871,0.04
4399,1505,7,19.5,52,0.8,1818,0.46
4400,2287,8,22.1,44,1.4,1435,1.16
4401,1243,9,23.3,37,0.4,1336,1.28
4402,970,10,25.1,40,2.7,1076,2.37
4403,1008,11,26.1,37,2.4,1079,2.79
4404,1152,12,26.3,36,3.1,1377,2.61
4405,1085,13,27.4,30,2.0,1768,3.03
4406,1148,14,26.5,43,3.9,1671,2.36
4407,1249,15,25.5,43,2.9,1996,1.71
4408,1671,16,25.5,43,3.2,1892,1.72
4409,2190,17,24.9,46,2.0,1855,0.91
4410,3380,18,24.4,48,1.9,1998,0.56
4411,2788,19,23.9,51,2.3,2000,0.12
4412,2508,20,23.4,43,1.1,2000,0.01
4413,2377,21,22.6,62,1.1,1363,0.0
4414,2000,22,22.0,64,1.8,1211,0.0
4415,1354,23,21.4,68,2.7,972,0.0
4416,927,0,20.5,71,2.8,1204,0.0
4417,742,1,20.0,67,0.7,1426,0.0
4418,448,2,19.7,66,0.5,1591,0.0
4419,314,3,19.1,72,0.6,1370,0.0
4420,214,4,18.5,72,0.6,1168,0.0
4421,282,5,18.1,73,0.5,1182,0.0
4422,733,6,17.8,73,0.4,1188,0.04
4423,1602,7,18.8,64,0.7,1099,0.48
4424,2322,8,21.5,58,1.1,1021,1.21
4425,1344,9,23.5,51,1.4,1169,1.82
4426,959,10,25.5,43,1.0,1568,2.49
4427,974,11,26.8,37,1.6,1639,2.91
4428,1111,12,28.2,35,1.2,1411,3.23
4429,1058,13,28.6,34,2.0,1274,2.82
4430,1120,14,28.9,34,2.7,1328,2.06
4431,1250,15,29.0,38,3.4,749,2.12
4432,1434,16,28.8,38,3.1,1027,2.14
4433,2115,17,28.1,37,3.6,1346,1.56
4434,3227,18,27.1,40,2.8,1811,1.0
4435,2615,19,25.5,43,3.1,1760,0.41
4436,2346,20,24.0,46,2.8,1896,0.06
4437,2404,21,23.3,51,1.7,1654,0.0
4438,2237,22,22.4,54,2.5,1778,0.0
4439,1646,23,21.9,56,0.7,1898,0.0
4464,978,0,19.6,82,1.7,628,0.0
4465,606,1,19.1,86,1.8,522,0.0
4466,418,2,18.8,88,0.3,500,0.0
4467,275,3,18.4,88,1.6,465,0.0
4468,191,4,18.1,88,1.8,458,0.0
4469,288,5,17.8,91,2.2,393,0.0
4470,716,6,18.1,88,1.1,272,0.03
4471,1551,7,18.6,85,2.0,307,0.16
4472,2317,8,18.9,82,2.3,326,0.44
4473,1342,9,20.5,73,1.6,364,1.23
4474,914,10,22.0,69,2.0,488,2.04
4475,967,11,23.4,62,1.8,603,2.87
4476,1099,12,25.0,56,3.0,715,3.19
4477,1071,13,26.7,47,2.4,806,3.26
4478,1116,14,28.2,44,1.7,644,3.11
4479,1171,15,29.3,41,2.0,609,2.63
4480,1442,16,29.3,41,2.0,905,1.95
4481,2002,17,28.2,51,3.3,879,1.73
4482,3221,18,25.6,57,2.7,1217,0.96
4483,2649,19,24.0,60,2.8,1379,0.38
4484,2278,20,22.8,67,1.6,1219,0.06
4485,2161,21,21.5,69,2.6,942,0.0
4486,1939,22,20.9,71,1.0,763,0.0
4487,1290,23,20.3,77,1.3,770,0.0
4488,926,0,19.1,82,2.2,874,0.0
4489,769,1,18.8,84,1.7,658,0.0
4490,525,2,18.6,84,2.5,619,0.0
4491,365,3,18.6,83,2.9,889,0.0
4492,255,4,18.5,82,2.0,1072,0.0
4493,299,5,18.6,81,0.8,1205,0.0
4494,744,6,18.8,78,2.0,1259,0.01
4495,1544,7,19.1,73,2.0,1300,0.3
4496,2348,8,19.7,69,2.0,1448,0.54
4497,1283,9,21.2,62,1.7,1384,1.45
4498,1002,10,21.9,62,1.7,1664,1.36
4499,1095,11,21.9,64,2.4,1359,1.03
4500,1256,12,23.1,56,1.6,1222,1.71
4501,1314,13,24.2,58,1.9,1015,1.87
4502,1249,14,25.0,54,2.2,1146,1.86
4503,1416,15,26.2,51,3.3,1104,2.87
4504,1668,16,26.6,49,3.2,1200,2.35
4505,2314,17,26.9,49,2.3,1210,1.72
4506,3309,18,26.2,54,2.2,1183,0.88
4507,2797,19,24.5,63,3.1,970,0.46
4508,2476,20,22.6,71,1.8,856,0.11
4509,2337,21,21.2,77,1.7,638,0.0
4510,2140,22,20.5,78,0.9,550,0.0
4511,1672,23,20.0,79,1.4,510,0.0
4512,1247,0,19.7,83,1.5,390,0.0
4513,1029,1,19.7,81,0.6,419,0.0
4514,732,2,19.4,84,0.7,382,0.0
4515,535,3,19.1,84,0.6,421,0.0
4516,352,4,19.0,83,0.4,473,0.0
4517,262,5,19.0,85,0.4,467,0.0
4518,381,6,19.0,84,0.5,440,0.05
4519,616,7,20.2,73,1.1,708,0.41
4520,963,8,21.9,62,0.9,1071,1.03
4521,1102,9,24.0,55,1.8,1411,1.81
4522,1156,10,25.8,49,1.3,1442,2.42
4523,1200,11,27.2,46,1.7,1301,2.88
4524,1462,12,28.2,42,1.4,1563,2.84
4525,1583,13,28.8,42,2.0,1438,2.38
4526,1744,14,30.1,35,1.4,1583,2.53
4527,1890,15,29.6,40,2.5,1546,1.96
4528,2297,16,28.7,40,2.5,1474,1.0
4529,2355,17,28.2,39,2.9,1653,0.7
4530,1934,18,27.3,42,1.2,2000,0.19
4531,1058,19,25.7,47,1.8,2000,0.04
4534,776,22,21.0,75,1.3,2000,0.0
4535,766,23,20.7,66,1.6,2000,0.0
4536,483,0,20.2,66,1.5,2000,0.0
4538,162,2,19.2,69,1.3,2000,0.0
4539,150,3,18.6,78,0.8,1997,0.0
4540,174,4,18.3,72,1.7,2000,0.0
4541,138,5,18.4,70,1.4,2000,0.0
4542,216,6,18.3,71,0.9,2000,0.0
4543,313,7,18.4,68,0.6,2000,0.04
4544,619,8,19.0,65,2.0,2000,0.28
4545,786,9,19.2,65,1.4,2000,0.34
4546,942,10,20.2,62,1.8,2000,0.82
4547,1074,11,21.3,56,1.5,1989,1.18
4548,1442,12,23.2,50,2.2,1988,2.45
4549,1752,13,24.2,48,1.2,1968,2.19
4550,1985,14,24.1,51,1.1,2000,1.58
4551,2182,15,24.8,49,1.2,2000,1.34
4552,2333,16,24.8,51,1.6,2000,1.17
4553,2431,17,24.6,52,1.3,2000,0.82
4554,2367,18,24.1,53,1.3,2000,0.48
4555,2267,19,23.4,55,1.0,2000,0.12
4556,2300,20,22.8,55,1.3,2000,0.01
4557,2026,21,22.1,55,1.5,2000,0.0
4558,1634,22,21.5,55,1.8,2000,0.0
4559,1191,23,20.9,56,1.5,2000,0.0
4560,918,0,20.3,58,1.4,2000,0.0
4561,555,1,19.8,59,1.3,2000,0.0
4562,353,2,19.2,60,1.5,2000,0.0
4563,232,3,18.8,61,1.3,2000,0.0
4564,194,4,18.8,60,1.0,2000,0.0
4565,324,5,18.8,61,1.2,2000,0.0
4566,807,6,18.6,61,0.8,2000,0.03
4567,1629,7,19.1,59,1.1,2000,0.38
4568,2375,8,20.7,55,1.5,2000,1.23
4569,1307,9,22.2,48,1.7,1889,1.77
4570,992,10,23.7,47,1.3,2000,2.67
4571,1107,11,23.2,52,1.4,2000,1.53
4572,1204,12,23.2,52,1.2,2000,0.82
4573,1033,13,23.7,49,1.2,2000,1.04
4574,1075,14,23.9,47,1.0,2000,0.97
4575,1240,15,22.2,60,1.3,1907,0.34
4576,1220,16,22.0,60,1.8,2000,0.14
4577,1475,17,20.7,72,3.4,2000,0.11
4578,1491,18,19.8,80,3.9,2000,0.12
4580,1280,20,19.1,84,1.7,2000,0.04
4581,1647,21,19.0,82,1.0,2000,0.0
4582,1117,22,19.0,76,0.1,2000,0.0
4585,454,1,17.7,92,0.9,1958,0.0
4586,385,2,17.7,87,1.2,2000,0.0
4587,206,3,17.5,87,0.5,1995,0.0
4588,144,4,17.5,84,0.8,2000,0.0
4589,296,5,17.2,87,0.6,2000,0.0
4590,740,6,16.7,85,1.0,2000,0.03
4591,1573,7,17.1,77,1.5,1748,0.49
4592,2495,8,19.0,67,1.1,1976,1.29
4593,1317,9,21.1,60,0.9,1998,2.18
4594,971,10,22.1,53,1.1,1999,2.28
4595,1092,11,22.9,54,2.6,1959,2.56
4596,1202,12,24.0,51,1.8,2000,2.29
4597,1215,13,25.7,46,0.8,2000,3.18
4598,1246,14,25.6,45,2.2,1961,1.39
4599,1427,15,26.2,42,2.7,1977,1.59
4600,1714,16,26.2,47,3.8,1996,2.45
4601,2270,17,26.4,47,3.0,1976,1.76
4602,3404,18,24.9,53,3.6,2000,1.28
4603,2873,19,23.1,58,2.4,1997,0.59
4604,2579,20,21.6,62,3.3,2000,0.09
4605,2505,21,20.6,70,1.8,1986,0.0
4606,2309,22,20.0,70,1.0,2000,0.0
4607,1657,23,19.5,72,0.6,1989,0.0
4608,1274,0,19.3,76,1.2,1968,0.0
4609,1088,1,18.9,77,0.7,1987,0.0
4610,847,2,18.4,75,0.6,1986,0.0
4611,591,3,18.5,73,1.0,1951,0.0
4612,421,4,18.7,74,0.9,1933,0.0
4613,290,5,18.6,76,0.4,1957,0.0
4614,416,6,18.7,75,0.9,1923,0.06
4615,657,7,19.4,69,0.3,1277,0.42
4616,959,8,20.7,65,1.5,1004,0.97
4617,1111,9,22.6,59,1.6,1030,1.8
4618,1269,10,23.0,57,2.2,1145,1.1
4619,1478,11,24.5,51,1.5,1333,1.97
4620,1747,12,24.5,56,2.3,1094,1.74
4621,1834,13,24.9,52,1.8,1554,1.7
4622,2088,14,26.6,50,2.4,1119,2.95
4623,2288,15,25.5,50,2.2,1025,0.47
4624,2474,16,25.8,50,1.7,1152,0.66
4625,2664,17,25.6,57,3.3,919,0.87
4626,2479,18,23.4,63,3.6,1245,0.5
4627,2404,19,22.8,64,2.3,1444,0.45
4628,2276,20,22.1,65,1.3,1611,0.09
4629,2166,21,21.8,67,0.0,1485,0.0
4630,1934,22,21.6,66,1.2,1438,0.0
4631,1394,23,21.5,62,0.1,1827,0.0
4632,1047,0,21.1,69,0.5,1086,0.0
4633,715,1,20.8,72,1.0,912,0.0
4634,453,2,20.8,73,0.8,829,0.0
4635,289,3,20.8,73,0.7,756,0.0
4636,193,4,21.0,72,0.8,677,0.0
4637,154,5,20.3,84,3.2,518,0.0
4643,735,11,20.5,79,1.7,770,1.25
4644,945,12,21.2,75,0.7,876,1.07
4645,1056,13,22.8,67,1.2,930,1.55
4646,1153,14,23.8,62,1.2,1282,1.91
4647,1292,15,24.6,57,1.8,1664,1.54
4648,1550,16,25.0,56,0.7,1723,1.27
4649,1934,17,24.6,57,1.0,1866,0.45
4650,2962,18,24.0,61,1.5,1935,0.26
4651,1856,19,23.6,63,0.6,1956,0.19
4652,1557,20,22.6,74,1.2,1594,0.01
4653,1807,21,22.2,72,1.0,1786,0.0
4654,1737,22,21.8,72,1.0,1952,0.0
4655,1295,23,21.6,68,0.8,2000,0.0
4656,986,0,21.0,70,0.9,2000,0.0
4657,717,1,20.6,65,1.2,2000,0.0
4662,609,6,17.2,83,1.3,2000,0.07
4663,1467,7,18.2,75,1.4,2000,0.56
4664,2328,8,18.7,71,1.1,1992,0.61
4665,1170,9,20.1,65,1.4,2000,0.93
4666,1004,10,22.0,56,1.5,1989,1.91
4667,1118,11,22.9,57,1.4,1918,2.24
4668,1193,12,24.4,50,1.6,2000,3.07
4669,1035,13,25.3,48,1.8,1935,3.42
4670,1027,14,26.4,43,2.1,1944,3.23
4671,1461,15,26.7,40,1.6,1995,2.42
4672,1726,16,26.5,45,1.6,2000,1.91
4673,2460,17,26.1,45,1.4,2000,1.26
4674,2891,18,25.9,44,1.5,2000,1.36
4675,2984,19,24.3,48,1.5,2000,0.59
4676,2441,20,22.6,51,1.3,2000,0.06
4677,2337,21,21.4,54,1.5,2000,0.0
4678,2155,22,20.4,54,1.4,2000,0.0
4679,1593,23,19.6,55,1.4,2000,0.0
4680,1217,0,19.0,57,1.6,2000,0.0
4681,1056,1,18.4,59,1.3,2000,0.0
4682,764,2,17.9,60,0.8,2000,0.0
4683,518,3,17.4,61,1.2,2000,0.0
4684,317,4,16.9,63,1.0,2000,0.0
4685,277,5,16.6,65,1.2,2000,0.0
4686,381,6,16.3,66,0.7,2000,0.05
4687,583,7,17.0,60,1.1,1993,0.47
4688,892,8,18.7,57,1.0,1956,1.05
4689,1144,9,20.4,54,1.5,2000,1.88
4690,1166,10,21.8,46,0.9,1927,2.46
4691,1330,11,23.4,46,1.6,1954,2.96
4692,1525,12,24.8,43,1.2,1943,3.27
4693,1704,13,26.2,37,1.2,1936,3.36
4694,1783,14,27.1,40,1.8,1779,3.26
4695,1861,15,27.8,41,1.6,1851,2.89
4696,1991,16,28.3,41,2.6,1852,2.58
4697,2383,17,28.4,43,2.0,1806,1.93
4698,2451,18,28.0,46,2.3,1833,1.23
4699,2475,19,27.2,48,1.4,1994,0.57
4700,2497,20,25.0,60,2.4,1773,0.1
4701,2435,21,23.7,64,1.7,1707,0.0
4702,1995,22,22.8,69,1.7,1656,0.0
4703,1615,23,22.1,73,1.6,1180,0.0
4704,1394,0,21.5,76,1.4,1015,0.0
4705,929,1,20.9,79,2.0,932,0.0
4706,755,2,20.5,76,1.1,994,0.0
4707,491,3,19.9,80,1.6,741,0.0
4708,304,4,19.4,82,0.9,531,0.0
4709,238,5,19.0,85,0.8,567,0.0
4710,324,6,18.9,83,0.3,576,0.05
4711,475,7,19.6,75,0.9,884,0.42
4712,715,8,21.1,70,0.3,766,0.9
4713,944,9,22.5,66,1.2,605,0.97
4714,953,10,23.0,66,1.1,516,0.83
4715,1146,11,23.6,63,0.7,523,0.93
4716,1422,12,24.8,56,0.9,530,1.57
4717,1563,13,25.7,52,1.1,639,1.81
4718,1709,14,26.8,44,1.6,760,2.01
4719,1979,15,27.3,51,2.6,598,2.4
4720,2235,16,26.6,51,2.2,809,1.27
4721,2330,17,25.6,58,3.3,865,0.66
4722,2474,18,25.0,59,3.4,1324,0.54
4723,2481,19,24.2,62,1.9,1225,0.39
4724,2429,20,23.1,67,2.1,1060,0.03
4725,2055,21,22.7,66,0.9,1069,0.0
4726,1819,22,22.2,70,0.5,1056,0.0
4727,1323,23,21.7,74,1.4,920,0.0
4728,917,0,21.3,74,1.4,963,0.0
4729,547,1,21.0,74,0.5,990,0.0
4730,436,2,20.7,76,0.3,920,0.0
4731,202,3,20.5,77,0.5,865,0.0
4732,164,4,20.2,78,0.7,884,0.0
4733,383,5,20.0,80,0.3,824,0.0
4734,779,6,20.0,78,0.4,752,0.05
4735,1590,7,20.6,76,0.5,786,0.3
4736,2357,8,22.7,65,0.7,759,1.05
4737,1263,9,24.7,59,1.1,616,1.8
4738,822,10,26.1,53,0.9,554,2.14
4739,915,11,27.3,45,2.4,846,2.84
4740,988,12,28.4,45,2.2,649,2.92
4741,938,13,29.4,42,1.7,689,3.1
4742,997,14,29.8,36,2.0,1382,2.63
4743,1177,15,30.5,34,2.8,1590,2.87
4744,1401,16,30.5,34,2.9,1830,2.51
4745,2040,17,29.5,36,3.7,1786,1.94
4746,746,18,29.2,35,2.7,1900,1.27
4747,1557,19,28.1,38,2.6,2000,0.63
4748,2515,20,25.7,43,2.1,2000,0.12
4749,1702,21,23.8,48,2.0,2000,0.0
4750,1373,22,22.9,56,1.3,1927,0.0
4751,1732,23,22.3,59,1.1,1892,0.0
4752,1055,0,21.5,63,1.0,1740,0.0
4753,766,1,20.9,66,0.8,1528,0.0
4754,527,2,20.2,71,1.2,1414,0.0
4755,369,3,19.9,69,1.4,1179,0.0
4756,268,4,19.7,73,1.6,848,0.0
4757,317,5,19.4,77,0.8,831,0.0
4758,746,6,19.1,75,0.4,1039,0.08
4759,1616,7,19.9,72,0.6,840,0.32
4760,2430,8,21.1,66,1.0,797,0.62
4761,1381,9,22.4,62,0.9,761,0.93
4762,937,10,23.7,56,1.6,1074,1.34
4763,1014,11,24.6,53,1.4,1472,1.67
4764,1224,12,25.8,48,1.5,1487,2.31
4765,1230,13,26.6,46,2.9,1482,2.31
4766,1258,14,27.2,44,2.9,1377,2.59
4767,1363,15,26.7,42,2.6,1634,1.89
4768,1700,16,26.1,46,3.0,1728,1.55
4769,2328,17,25.1,51,2.4,1714,1.15
4770,3556,18,24.1,57,2.9,1301,0.56
4771,2809,19,23.3,59,2.6,1214,0.28
4772,2525,20,22.4,62,2.2,1041,0.05
4773,2378,21,21.6,66,2.4,962,0.0
4774,2096,22,20.8,71,2.1,800,0.0
4775,1456,23,20.1,73,1.9,771,0.0
4776,1030,0,19.7,71,2.0,1330,0.0
4777,803,1,19.6,73,1.4,958,0.0
4778,576,2,19.6,78,0.8,662,0.0
4779,340,3,19.4,79,0.8,563,0.0
4780,249,4,19.1,82,1.5,471,0.0
4781,336,5,19.1,83,2.0,457,0.0
4782,714,6,19.4,83,1.6,448,0.03
4783,1629,7,20.0,77,1.7,595,0.29
4784,2440,8,20.6,77,1.2,566,0.53
4785,1401,9,21.1,73,2.0,623,0.43
4786,1002,10,22.2,70,3.1,740,1.44
4787,1100,11,23.7,56,2.4,1070,2.33
4788,1252,12,25.2,53,3.3,976,3.38
4789,1184,13,26.2,51,3.2,1078,3.36
4790,1158,14,27.5,47,2.7,990,3.24
4791,1266,15,27.9,45,3.6,1558,3.04
4792,1600,16,28.2,48,3.9,1103,2.55
4793,2289,17,28.0,50,3.2,1137,1.93
4794,3384,18,27.0,55,3.1,1246,1.26
4795,2741,19,25.6,61,2.7,1236,0.6
4796,2519,20,23.3,68,3.6,895,0.11
4797,2246,21,21.6,74,3.3,758,0.0
4798,1979,22,20.6,78,3.0,684,0.0
4799,1401,23,20.1,82,3.6,494,0.0
4800,1083,0,20.0,83,2.6,547,0.0
4801,794,1,20.1,82,1.2,582,0.0
4802,539,2,20.2,82,0.9,575,0.0
4803,394,3,20.0,83,1.7,607,0.0
4804,215,4,19.6,87,1.2,465,0.0
4805,308,5,19.4,82,2.1,677,0.0
4806,709,6,19.5,80,1.6,709,0.04
4807,1543,7,19.9,74,1.7,683,0.21
4808,2370,8,21.4,65,1.9,821,1.15
4809,1360,9,22.7,59,2.0,940,1.77
4810,922,10,23.9,57,2.1,977,2.54
4811,1066,11,25.5,57,1.8,943,3.01
4812,1197,12,26.4,46,1.4,1103,3.26
4813,1147,13,27.3,33,3.4,1921,3.42
4814,1152,14,28.0,39,2.6,1833,3.14
4815,1276,15,28.3,40,3.2,1619,2.96
4816,1473,16,28.5,42,3.1,1622,2.62
4817,2176,17,28.4,43,3.3,1715,2.04
4818,3418,18,27.8,43,3.0,1933,1.35
4819,2811,19,26.9,42,2.4,2000,0.62
4820,2556,20,25.1,55,2.3,1779,0.08
4821,2436,21,23.8,63,1.5,1455,0.0
4822,2179,22,22.8,67,2.1,1042,0.0
4823,1497,23,21.9,59,2.6,1188,0.0
4824,1137,0,20.7,67,1.9,885,0.0
4825,912,1,20.2,75,1.4,525,0.0
4826,602,2,19.8,80,1.5,370,0.0
4827,413,3,19.3,85,1.6,345,0.0
4828,268,4,19.1,86,1.4,322,0.0
4829,336,5,18.6,85,1.0,384,0.0
4830,710,6,18.2,83,0.6,448,0.06
4831,1529,7,18.8,66,1.1,814,0.46
4832,2283,8,21.9,58,1.2,771,1.29
4833,1284,9,24.2,47,1.2,822,1.94
4834,902,10,26.3,34,0.9,1792,2.57
4835,1020,11,28.1,35,1.3,1608,3.02
4836,1116,12,29.8,28,1.3,1777,3.21
4837,1073,13,30.6,26,1.2,1792,3.17
4838,1087,14,31.6,25,2.3,1780,3.21
4839,1203,15,31.9,23,1.8,1977,2.57
4840,1466,16,30.8,31,3.8,1246,2.17
4841,2146,17,30.4,28,2.9,1834,1.9
4842,3365,18,29.3,27,3.4,1977,1.24
4843,2732,19,27.1,32,3.5,2000,0.52
4844,2493,20,25.4,31,2.5,2000,0.07
4845,2251,21,24.2,32,1.5,2000,0.0
4846,2103,22,23.3,32,1.1,2000,0.0
4847,1648,23,22.9,34,1.1,1810,0.0
4848,1322,0,22.7,36,1.5,2000,0.0
4849,1073,1,22.5,39,1.1,2000,0.0
4850,818,2,22.3,37,1.8,2000,0.0
4851,540,3,22.0,42,0.2,1891,0.0
4852,375,4,21.6,47,0.4,1985,0.0
4853,339,5,21.1,48,0.3,2000,0.0
4854,417,6,21.0,48,0.6,2000,0.01
4855,622,7,21.3,44,0.5,1911,0.2
4856,934,8,22.6,42,0.7,1887,0.62
4857,1072,9,24.3,37,1.1,1939,1.31
4858,1064,10,25.8,35,1.5,1900,1.66
4859,1229,11,27.5,31,1.9,1841,2.7
4860,1374,12,28.4,31,2.7,1849,2.93
4861,1483,13,27.9,41,3.9,1649,2.08
4862,1445,14,28.0,46,3.6,1401,2.88
4863,1589,15,28.4,43,3.1,1337,2.65
4864,1837,16,28.3,48,3.1,1232,2.41
4865,2101,17,28.1,49,3.2,1117,1.62
4866,2256,18,26.3,55,3.2,1119,0.64
4867,2288,19,25.7,59,2.8,1083,0.38
4868,2262,20,24.6,65,2.1,1018,0.1
4869,2175,21,23.8,68,2.2,694,0.0
4870,1932,22,23.0,74,2.4,473,0.0
4871,1402,23,22.5,77,2.7,396,0.0
4872,849,0,22.0,81,1.6,374,0.0
4873,545,1,21.5,83,1.3,345,0.0
4874,1254,2,20.9,87,1.8,222,0.0
4875,644,3,20.6,91,0.8,194,0.0
4876,286,4,20.5,90,0.8,223,0.0
4877,235,5,20.3,87,1.0,251,0.0
4878,258,6,20.2,87,2.0,255,0.01
4879,369,7,20.5,82,0.8,338,0.16
4880,561,8,21.3,78,0.7,351,0.51
4881,734,9,23.1,68,1.9,482,1.64
4882,763,10,25.0,60,1.5,570,2.33
4883,870,11,27.1,52,2.1,557,2.82
4884,1042,12,28.9,40,2.3,809,3.15
4885,1062,13,30.6,31,2.7,1240,3.24
4886,1064,14,31.6,34,2.9,1050,3.12
4887,1213,15,31.8,31,3.4,1400,2.85
4888,1471,16,31.3,32,3.2,1427,2.38
4889,1754,17,30.9,34,2.5,1640,1.79
4890,2094,18,29.8,35,3.3,1805,1.15
4891,2290,19,27.8,41,2.7,1990,0.45
4892,2387,20,26.1,49,1.9,1960,0.1
4893,2153,21,24.5,71,1.7,1295,0.0
4894,1801,22,23.9,72,0.8,1098,0.0
4895,1329,23,23.3,75,2.0,890,0.0
4896,962,0,22.9,79,0.6,715,0.0
4897,585,1,22.5,80,1.1,619,0.0
4898,424,2,22.3,80,0.8,709,0.0
4899,264,3,22.0,83,0.5,684,0.0
4900,199,4,21.8,82,0.7,702,0.0
4901,338,5,21.5,84,0.3,569,0.0
4902,785,6,21.3,81,0.7,604,0.05
4903,1620,7,22.1,74,0.3,830,0.37
4904,2331,8,23.8,66,0.9,960,0.74
4905,1293,9,25.4,61,1.0,1079,1.28
4906,878,10,26.4,55,0.9,901,1.16
4907,968,11,27.8,46,1.3,912,1.77
4908,1039,12,29.8,42,2.1,1220,2.9
4909,1073,13,31.2,36,2.0,1022,2.91
4910,1016,14,32.3,35,1.8,982,2.71
4911,1184,15,32.7,31,1.7,1243,2.3
4912,1407,16,32.2,39,2.8,928,1.74
4913,2008,17,31.5,42,2.3,990,1.36
4914,3238,18,30.7,43,1.6,931,0.74
4915,2779,19,29.8,45,1.5,956,0.32
4916,2456,20,28.8,54,1.1,964,0.09
4917,2372,21,27.9,55,0.5,1083,0.0
4918,2046,22,27.4,55,0.3,1001,0.0
4919,1437,23,27.2,55,0.7,920,0.0
4920,1052,0,26.9,61,1.5,805,0.0
4921,783,1,26.7,50,1.8,884,0.0
4922,524,2,26.1,51,1.7,760,0.0
4923,353,3,25.4,50,1.1,870,0.0
4924,143,4,24.7,49,1.0,1293,0.0
4942,443,22,22.4,95,4.1,222,0.0
4943,552,23,21.6,89,4.3,698,0.0
4944,513,0,20.5,94,3.7,896,0.0
4947,152,3,19.4,97,2.9,282,0.0
4949,162,5,19.1,97,1.2,402,0.0
4950,417,6,19.2,97,1.5,157,0.0
4951,1084,7,19.3,98,1.0,188,0.06
4952,1995,8,19.7,97,1.5,200,0.25
4953,1238,9,20.0,96,1.6,287,0.39
4954,862,10,21.4,85,1.1,596,1.34
4955,1015,11,23.4,73,1.3,827,2.38
4956,1145,12,24.1,73,2.2,992,2.15
4957,1234,13,24.9,69,2.2,850,2.14
4958,1243,14,24.7,72,2.9,720,1.45
4959,1362,15,25.5,68,2.4,638,1.61
4960,1618,16,25.0,74,2.2,578,0.52
4961,2115,17,25.1,70,2.2,796,0.48
4962,3172,18,25.0,69,1.5,1125,0.52
4963,2487,19,24.9,70,1.8,1131,0.24
4964,2274,20,24.2,72,1.4,833,0.03
4965,2200,21,23.3,71,1.3,1145,0.0
4966,1959,22,22.7,77,2.0,1099,0.0
4967,980,23,22.3,83,2.6,490,0.0
4968,561,0,22.2,84,1.1,482,0.0
4969,1068,1,22.2,84,0.3,610,0.0
4970,652,2,22.4,84,0.6,667,0.0
4971,344,3,22.4,86,0.6,618,0.0
4972,233,4,22.3,88,0.9,298,0.0
4973,266,5,22.1,93,0.4,333,0.0
4975,1391,7,22.7,81,0.4,866,0.4
4976,2288,8,24.2,73,1.0,1581,0.96
4977,1246,9,24.8,75,1.1,1418,0.63
4978,826,10,25.3,70,0.6,1386,0.7
4979,938,11,26.5,64,1.8,1806,1.3
4980,1158,12,27.0,68,2.0,1863,1.3
4981,1040,13,27.2,68,1.8,1575,1.1
4982,1030,14,27.1,72,3.0,1126,0.91
4983,1209,15,26.4,76,3.7,1370,1.01
4984,766,16,25.2,81,3.6,961,0.5
4987,944,19,20.9,97,1.0,1747,0.19
4988,1039,20,21.0,96,0.1,1431,0.02
4989,1223,21,21.3,94,0.3,1314,0.0
4990,1239,22,21.6,94,1.1,766,0.0
4991,931,23,21.7,96,0.3,293,0.0
4992,470,0,21.9,95,1.9,357,0.0
4999,883,7,22.0,97,0.9,269,0.03
5000,2028,8,22.2,95,1.6,389,0.26
5001,1195,9,22.9,86,1.7,538,0.76
5002,913,10,24.4,76,2.1,617,1.58
5003,956,11,24.8,74,1.8,644,1.41
5004,1168,12,26.1,67,2.2,758,2.15
5005,1117,13,26.8,65,2.0,732,2.37
5006,1175,14,27.8,57,2.1,760,2.62
5007,1209,15,28.4,63,2.8,742,2.47
5008,1554,16,29.0,57,2.3,987,2.36
5009,2099,17,28.5,60,2.6,1014,1.33
5010,3113,18,28.1,60,1.9,959,1.05
5011,2602,19,27.1,64,1.1,829,0.28
5012,2339,20,26.2,70,1.5,792,0.12
5013,2225,21,25.2,75,1.4,644,0.0
5014,2103,22,24.2,80,1.3,500,0.0
5015,1552,23,23.5,83,1.4,436,0.0
5016,1275,0,23.0,84,1.9,375,0.0
5017,1070,1,22.6,85,0.3,323,0.0
5018,859,2,22.2,88,1.0,295,0.0
5019,625,3,21.9,88,0.9,274,0.0
5020,382,4,21.7,93,0.1,244,0.0
5021,247,5,21.7,88,0.6,289,0.0
5023,468,7,22.5,86,0.6,299,0.07
5024,825,8,23.4,81,0.5,313,0.37
5025,862,9,24.2,81,0.9,295,0.53
5026,933,10,25.1,73,0.9,358,0.66
5027,871,11,26.4,71,1.0,430,1.36
5030,1235,14,27.5,69,0.5,736,1.84
5031,1311,15,27.8,71,0.9,733,0.93
5032,1317,16,27.9,69,0.5,880,0.61
5033,1291,17,27.4,75,2.3,616,0.46
5036,778,20,24.2,88,0.8,1276,0.06
5037,1005,21,23.9,84,0.7,1552,0.0
5038,1107,22,23.4,88,0.9,1153,0.0
5039,919,23,22.9,92,0.6,989,0.0
5040,865,0,22.6,88,0.2,1259,0.0
5041,740,1,22.7,87,0.5,1072,0.0
5042,586,2,22.7,87,0.5,1187,0.0
5043,368,3,22.7,86,0.7,1455,0.0
5044,211,4,22.7,85,0.7,1547,0.0
5076,218,12,22.4,97,1.0,945,0.46
5078,381,14,23.3,96,0.3,434,0.53
5079,619,15,24.2,93,1.0,590,0.78
5080,839,16,25.2,87,0.9,601,0.88
5081,861,17,25.3,87,0.6,751,0.49
5082,832,18,24.9,87,1.9,1742,0.25
5089,407,1,23.1,98,0.0,958,0.0
5090,354,2,23.0,98,0.1,1026,0.0
5091,233,3,22.8,98,0.0,1734,0.0
5092,149,4,22.7,97,0.2,1808,0.0
5093,224,5,22.6,97,0.0,1383,0.0
5094,600,6,22.6,95,0.1,1937,0.05
5095,1308,7,23.5,86,0.2,1908,0.38
5096,2135,8,24.3,83,0.5,1986,0.53
5097,1156,9,25.7,76,0.8,1920,1.11
5098,818,10,27.6,71,1.6,1870,2.14
5099,906,11,29.2,66,1.4,1953,2.72
5100,944,12,30.1,64,1.2,2000,2.54
5101,994,13,31.2,54,1.3,1961,3.11
5102,1001,14,31.0,56,1.5,2000,1.47
5103,1069,15,32.0,54,1.2,1962,2.99
5104,1325,16,31.3,52,1.2,2000,1.63
5105,1783,17,32.4,50,2.2,2000,1.92
5106,2965,18,32.2,57,1.8,1880,1.53
5108,2398,20,28.8,72,0.9,2000,0.11
5109,2264,21,27.8,72,0.6,2000,0.0
5110,1948,22,26.9,78,0.6,1806,0.0
5111,1365,23,26.4,78,0.3,2000,0.0
5112,971,0,25.9,79,0.3,2000,0.0
5113,796,1,25.4,79,1.0,2000,0.0
5114,555,2,25.1,82,0.2,2000,0.0
5115,372,3,24.9,83,0.2,1857,0.0
5116,234,4,24.7,82,0.3,2000,0.0
5117,316,5,24.2,86,0.2,2000,0.0
5118,747,6,24.0,84,0.1,1969,0.05
5119,1450,7,24.6,78,0.5,2000,0.33
5120,2215,8,26.4,64,0.5,1909,1.33
5121,1191,9,27.4,68,0.5,1941,1.31
5122,831,10,28.5,65,1.5,1519,1.74
5123,941,11,30.0,60,2.3,1861,2.61
5124,1021,12,30.5,58,2.5,1741,2.26
5125,1007,13,31.0,60,2.6,1657,2.75
5126,1005,14,31.3,58,3.0,1479,2.46
5127,1038,15,31.1,57,3.7,1912,2.03
5128,1306,16,31.6,57,2.7,1882,2.19
5129,1856,17,31.2,56,3.4,1943,1.82
5130,3080,18,30.0,60,2.5,1933,0.99
5131,2637,19,28.2,64,2.8,1978,0.5
5132,2415,20,27.1,67,2.9,1949,0.06
5133,2274,21,26.2,70,2.2,1908,0.0
5134,2091,22,25.1,73,2.5,1808,0.0
5135,1432,23,24.7,74,1.4,1596,0.0
5136,1078,0,24.2,77,1.8,1365,0.0
5137,846,1,23.9,79,1.7,1121,0.0
5138,568,2,23.6,80,1.5,879,0.0
5139,376,3,23.5,81,0.9,878,0.0
5140,267,4,23.5,80,0.4,924,0.0
5141,326,5,23.5,80,0.3,838,0.0
5142,438,6,23.5,80,0.3,768,0.0
5144,1836,8,23.6,93,0.9,308,0.21
5145,1112,9,24.2,84,0.9,632,0.49
5146,827,10,25.6,75,1.1,1028,1.22
5147,890,11,26.3,71,1.1,1340,0.86
5148,996,12,27.0,68,1.1,1744,1.2
5149,929,13,28.1,67,1.1,1772,1.43
5150,933,14,28.3,67,3.0,1242,1.73
5151,1011,15,28.8,66,0.9,1806,1.55
5152,1105,16,28.2,71,1.7,2000,0.96
5153,1381,17,27.3,76,0.9,1971,0.52
5154,2594,18,26.8,71,1.2,2000,0.21
5155,2309,19,26.7,69,1.4,2000,0.36
5156,2122,20,25.8,68,1.4,2000,0.09
5157,2063,21,25.2,67,1.5,2000,0.0
5158,1941,22,24.4,67,1.6,2000,0.0
5159,1406,23,23.9,66,1.5,2000,0.0
5160,1075,0,23.5,65,1.9,2000,0.0
5161,839,1,23.1,66,1.6,2000,0.0
5162,558,2,22.8,65,1.8,2000,0.0
5163,403,3,22.6,66,1.5,2000,0.0
5164,273,4,22.6,66,0.9,2000,0.0
5165,311,5,22.5,66,1.5,2000,0.0
5166,723,6,22.4,65,1.6,2000,0.01
5167,1449,7,22.6,63,1.3,2000,0.21
5168,2273,8,23.2,60,1.7,2000,0.58
5169,1318,9,23.3,61,1.7,2000,0.8
5170,998,10,23.7,59,1.7,2000,0.89
5171,1024,11,23.9,59,2.1,2000,1.08
5172,1216,12,25.7,57,1.9,2000,2.32
5173,1210,13,26.2,53,2.1,2000,2.23
5174,1209,14,27.0,52,2.1,2000,2.51
5175,1346,15,26.9,51,2.0,2000,1.95
5176,1635,16,26.6,54,2.3,2000,1.24
5177,2282,17,26.6,52,2.2,2000,1.02
5178,3196,18,25.9,52,2.1,2000,0.57
5179,2557,19,25.0,52,2.2,2000,0.37
5180,2223,20,23.8,55,2.3,2000,0.05
5181,2183,21,23.1,54,2.1,2000,0.0
5182,1917,22,22.5,54,2.1,2000,0.0
5183,1458,23,22.0,55,1.7,2000,0.0
5184,1191,0,21.5,56,1.8,2000,0.0
5185,1079,1,21.1,57,2.0,2000,0.0
5186,760,2,20.7,58,1.5,2000,0.0
5187,545,3,20.4,59,1.0,2000,0.0
5188,331,4,20.0,63,1.8,2000,0.0
5189,273,5,19.8,63,1.4,2000,0.0
5190,396,6,19.5,61,1.5,2000,0.03
5191,567,7,19.6,57,1.6,2000,0.42
5192,832,8,21.2,52,1.6,1998,1.2
5193,1009,9,22.6,51,1.7,2000,1.87
5194,1050,10,24.0,49,1.7,2000,2.48
5195,1129,11,25.0,48,1.5,1986,2.95
5196,1328,12,26.4,47,1.7,2000,3.26
5197,1399,13,27.5,43,2.0,2000,3.41
5198,1430,14,28.3,43,1.6,1941,3.33
5199,1579,15,28.7,42,1.3,2000,2.98
5200,1764,16,28.9,44,1.6,1998,2.2
5201,2020,17,28.9,45,1.4,2000,1.89
5202,2238,18,27.8,48,1.2,2000,0.91
5203,2352,19,26.1,51,1.4,2000,0.32
5204,2232,20,24.6,51,1.7,2000,0.07
5205,2235,21,23.4,52,1.4,2000,0.0
5206,1921,22,22.6,51,1.7,2000,0.0
5207,1416,23,21.7,51,1.7,2000,0.0
5208,1208,0,20.7,51,1.7,2000,0.0
5209,946,1,19.9,52,1.6,2000,0.0
5210,648,2,19.3,54,1.4,2000,0.0
5211,460,3,18.8,56,1.2,2000,0.0
5212,277,4,18.4,57,1.1,2000,0.0
5213,253,5,18.1,57,1.4,2000,0.0
5214,267,6,17.8,58,1.1,2000,0.04
5215,410,7,18.2,54,1.2,2000,0.42
5216,684,8,19.1,53,1.7,1952,0.8
5217,787,9,20.8,51,1.5,1973,1.65
5218,867,10,22.5,48,1.6,1940,2.33
5219,1053,11,23.8,47,2.1,2000,2.59
5220,1237,12,25.0,46,1.9,1943,2.93
5221,1442,13,26.1,45,1.8,2000,3.33
5222,1517,14,27.1,41,1.4,1941,3.24
5223,1693,15,27.6,37,1.9,2000,2.58
5224,2070,16,27.9,39,1.2,2000,2.16
5225,2266,17,27.4,44,1.7,2000,1.17
5226,2351,18,26.7,48,1.0,2000,0.53
5227,2272,19,26.3,51,1.7,2000,0.18
5228,2348,20,25.7,53,1.3,2000,0.03
5229,2055,21,25.3,55,1.4,2000,0.0
5230,1717,22,25.0,57,1.0,2000,0.0
5231,1252,23,24.6,60,2.6,2000,0.0
5232,900,0,24.2,61,1.7,2000,0.0
5233,554,1,23.7,64,0.8,2000,0.0
5234,387,2,22.7,63,0.9,2000,0.0
5235,285,3,21.9,63,1.3,2000,0.0
5236,206,4,21.4,63,1.5,2000,0.0
5237,301,5,21.1,64,1.5,2000,0.0
5238,486,6,21.0,64,1.0,2000,0.03
5239,451,7,20.9,66,1.4,2000,0.1
5241,575,9,21.1,72,1.0,1982,0.52
5242,217,10,21.1,73,1.2,1957,0.4
5244,71,12,20.7,83,0.6,1244,0.32
5247,59,15,20.3,90,0.9,1356,0.34
5260,133,4,20.6,97,0.5,1989,0.0
5261,174,5,20.6,97,0.6,2000,0.0
5262,534,6,20.7,97,0.9,2000,0.02
5263,1209,7,21.1,95,0.4,2000,0.14
5264,2017,8,21.7,89,0.5,2000,0.31
5265,1061,9,22.3,86,1.0,2000,0.42
5266,768,10,22.6,85,0.9,1996,0.38
5267,909,11,23.2,82,1.1,1991,0.47
5268,1035,12,24.1,80,0.8,2000,0.72
5269,1074,13,25.2,77,1.2,1951,1.06
5270,1142,14,25.5,77,0.8,1957,0.75
5271,1169,15,25.7,77,0.5,1875,0.48
5272,1462,16,26.3,74,0.7,1580,0.52
5273,1603,17,26.5,76,1.0,1400,0.36
5274,1665,18,26.2,82,0.4,1408,0.21
5276,908,20,25.3,89,0.3,745,0.0
5277,1352,21,25.1,86,0.3,870,0.0
5278,971,22,25.0,86,0.5,796,0.0
5279,373,23,24.9,87,0.5,658,0.0
5282,236,2,24.5,96,0.5,476,0.0
5284,71,4,24.5,97,1.0,317,0.0
5288,827,8,25.1,97,0.8,490,0.26
5289,634,9,25.6,96,0.6,450,0.41
5291,792,11,27.2,82,0.9,1093,0.93
5292,964,12,28.1,73,2.1,1326,0.87
5293,991,13,28.7,69,2.6,1546,1.02
5294,1052,14,29.2,67,2.8,1725,1.13
5295,1106,15,29.4,68,2.3,1525,1.29
5296,1344,16,28.7,70,3.2,1586,0.73
5297,1923,17,28.7,71,2.9,1666,0.71
5298,2931,18,28.4,75,2.4,1564,0.52
5299,2328,19,28.2,72,1.6,1745,0.13
5300,2048,20,27.7,76,1.8,1727,0.04
5301,1936,21,27.3,78,1.2,1606,0.0
5302,1870,22,27.1,79,1.2,1578,0.0
5303,1298,23,26.9,79,0.1,1541,0.0
5304,938,0,26.7,79,0.9,1590,0.0
5305,787,1,26.6,80,0.0,1485,0.0
5306,517,2,26.3,84,0.3,1361,0.0
5307,322,3,26.2,83,0.3,1294,0.0
5308,159,4,26.1,85,0.6,1081,0.0
5310,593,6,25.6,93,1.1,852,0.01
5311,1279,7,25.9,87,1.7,834,0.26
5312,1811,8,26.3,84,2.1,973,0.48
5313,982,9,26.5,82,2.7,815,0.57
5315,805,11,27.4,78,2.3,1164,1.11
5316,991,12,27.4,80,2.7,1083,0.97
5317,959,13,27.7,76,2.6,1258,1.0
5318,976,14,27.8,76,3.1,1517,1.0
5319,1163,15,28.0,76,2.3,1437,1.0
5320,1296,16,28.1,74,2.8,1559,1.06
5321,1915,17,27.9,75,2.5,1643,0.75
5322,3016,18,27.5,77,2.1,1897,0.46
5323,2313,19,27.4,78,1.1,1899,0.27
5324,2214,20,26.9,80,1.5,1806,0.09
5325,2115,21,26.3,81,0.8,1910,0.0
5326,1945,22,25.9,83,0.6,1827,0.0
5327,1355,23,25.5,84,0.8,1906,0.0
5328,1006,0,25.1,87,0.4,1800,0.0
5329,760,1,24.8,89,0.9,1555,0.0
5330,600,2,24.9,86,1.3,1469,0.0
5331,377,3,24.9,86,2.0,1079,0.0
5332,241,4,24.8,86,2.1,1103,0.0
5333,301,5,24.8,84,1.4,1303,0.0
5334,665,6,24.8,84,1.1,1426,0.0
5335,1321,7,25.0,83,1.0,1350,0.13
5336,2114,8,25.5,80,1.8,1402,0.37
5337,1240,9,26.6,73,2.2,1147,1.01
5338,836,10,27.4,70,2.4,1335,1.28
5339,887,11,27.5,70,2.4,1719,1.07
5340,1013,12,28.3,68,1.9,1546,1.35
5341,1046,13,28.9,68,2.8,1934,1.55
5342,999,14,29.5,62,2.7,1941,1.79
5343,1094,15,30.2,62,2.4,1806,1.91
5344,1291,16,30.0,67,2.0,1698,1.46
5345,1782,17,30.1,65,1.8,1923,1.36
5346,2884,18,30.8,60,2.5,1793,1.43
5347,2320,19,29.8,68,2.6,1749,0.81
5348,2069,20,28.2,76,2.2,1888,0.08
5349,1924,21,27.2,80,2.3,1870,0.0
5350,1879,22,26.7,82,1.3,1725,0.0
5351,1439,23,26.2,84,1.0,1646,0.0
5352,1169,0,25.7,85,0.4,1519,0.0
5353,1062,1,25.4,85,1.4,1663,0.0
5354,783,2,25.3,85,1.7,1594,0.0
5355,545,3,25.2,83,1.1,1835,0.0
5356,307,4,25.1,82,1.5,1336,0.0
5357,266,5,24.8,86,1.6,1170,0.0
5358,356,6,24.6,86,0.4,1119,0.02
5359,537,7,24.9,81,0.3,1289,0.24
5360,787,8,26.1,74,0.7,1254,0.87
5361,909,9,27.0,70,1.1,1393,1.15
5362,910,10,27.8,68,2.1,1490,1.29
5363,945,11,29.0,65,2.0,1642,2.22
5364,1039,12,30.2,58,2.3,1359,2.64
5365,1078,13,30.7,59,2.3,1534,2.67
5366,1038,14,30.7,59,2.9,1612,2.05
5367,1058,15,31.1,59,2.3,1929,2.34
5368,1177,16,31.7,55,2.3,1895,2.16
5369,1433,17,31.5,53,3.7,1974,2.02
5370,1624,18,31.1,55,2.2,1897,1.05
5371,1797,19,30.4,59,2.4,1972,0.69
5372,2023,20,29.2,63,1.7,1988,0.1
5373,2011,21,28.2,64,2.8,2000,0.0
5374,1682,22,27.6,70,2.7,1994,0.0
5375,1278,23,26.6,80,2.0,1527,0.0
5376,1143,0,26.0,82,1.9,1674,0.0
5377,868,1,25.5,83,2.3,1576,0.0
5378,632,2,25.1,85,1.1,1379,0.0
5379,443,3,24.8,86,0.2,1354,0.0
5380,278,4,24.6,86,0.1,1358,0.0
5381,223,5,24.5,85,0.7,1345,0.0
5382,292,6,24.8,83,0.2,1534,0.02
5383,402,7,25.2,80,0.2,1551,0.18
5384,613,8,26.2,75,0.9,1560,0.77
5385,715,9,27.0,71,1.0,1518,0.97
5386,701,10,28.5,66,1.7,1319,1.83
5387,712,11,28.7,64,1.3,1332,1.53
5388,803,12,30.1,58,1.6,1491,2.15
5389,810,13,31.4,53,3.2,1695,3.28
5390,822,14,32.4,50,2.0,1735,3.13
5391,946,15,32.9,49,2.6,1631,2.81
5392,1125,16,32.8,52,3.0,1803,2.28
5393,1247,17,32.7,52,3.0,1872,1.96
5394,1466,18,32.2,55,2.4,1769,1.28
5395,1847,19,31.2,62,2.1,1852,0.63
5396,2058,20,29.2,72,2.1,1932,0.09
5397,1924,21,28.1,74,3.1,1840,0.0
5398,1607,22,27.5,77,0.9,1778,0.0
5399,1113,23,27.0,78,1.6,1609,0.0
5400,732,0,26.5,81,0.9,1650,0.0
5401,498,1,25.9,83,1.3,1520,0.0
5402,469,2,25.4,84,0.6,1340,0.0
5403,276,3,25.1,85,0.7,1507,0.0
5404,211,4,24.6,84,0.7,1373,0.0
5405,324,5,24.3,85,1.0,1496,0.0
5406,703,6,24.0,85,0.9,1569,0.02
5407,1344,7,24.5,73,0.9,1901,0.36
5408,1935,8,26.4,69,0.5,1559,1.09
5409,1014,9,28.0,64,1.0,1682,1.35
5410,678,10,29.8,54,1.8,1737,2.34
5411,688,11,31.5,51,2.1,1498,2.83
5412,719,12,32.4,49,2.0,1844,3.09
5413,727,13,33.0,51,2.5,1100,3.09
5414,691,14,33.7,45,2.5,1843,3.23
5415,745,15,33.4,44,3.1,1928,2.95
5416,818,16,33.3,46,3.1,1914,2.51
5417,1425,17,33.0,46,3.1,1926,1.89
5418,2636,18,32.3,47,3.0,1961,1.26
5419,2368,19,31.2,52,2.4,1990,0.57
5420,2362,20,29.3,58,2.4,2000,0.09
5421,2241,21,28.0,64,1.5,2000,0.0
5422,1934,22,27.2,69,1.7,2000,0.0
5423,1285,23,26.6,75,1.5,1996,0.0
5424,1003,0,26.4,76,1.2,2000,0.0
5425,692,1,25.8,78,0.4,2000,0.0
5426,497,2,25.3,78,1.0,2000,0.0
5427,372,3,24.8,80,1.0,1988,0.0
5428,222,4,24.4,80,1.0,1112,0.0
5429,372,5,24.1,81,0.9,1646,0.0
5430,713,6,24.0,81,0.9,1271,0.02
5431,1356,7,24.4,75,1.0,841,0.35
5432,1955,8,25.8,69,0.8,969,1.06
5433,1031,9,27.5,60,2.2,1252,1.59
5434,719,10,29.2,55,1.6,1404,2.36
5435,797,11,30.4,53,1.8,1359,2.74
5436,803,12,30.8,57,2.3,940,2.52
5437,763,13,31.1,53,3.2,1162,2.63
5438,786,14,31.8,49,3.5,1429,2.93
5439,878,15,31.9,51,3.3,1465,3.01
5440,1062,16,32.0,51,2.4,1402,2.55
5441,1591,17,31.8,52,2.4,1438,1.93
5442,2770,18,31.3,55,2.5,1550,1.2
5443,2326,19,30.6,57,1.4,1529,0.58
5444,2174,20,28.9,64,1.7,1567,0.1
5445,2273,21,27.9,69,1.9,1194,0.0
5446,1940,22,27.2,70,1.9,1110,0.0
5447,1340,23,26.6,76,1.6,936,0.0
5448,1002,0,26.2,79,0.7,850,0.0
5449,741,1,25.7,80,0.2,805,0.0
5450,526,2,25.2,82,0.4,791,0.0
5451,381,3,24.7,84,0.7,694,0.0
5452,266,4,24.3,83,0.7,621,0.0
5453,327,5,23.9,83,0.4,780,0.0
5454,695,6,23.7,83,0.1,713,0.03
5455,1308,7,24.2,74,0.7,656,0.35
5456,1944,8,25.8,71,0.4,760,0.93
5457,982,9,27.2,59,0.4,948,1.18
5458,722,10,28.9,61,1.5,941,2.04
5459,701,11,30.2,53,2.2,1143,2.77
5460,780,12,31.2,51,2.0,1101,2.96
5461,778,13,32.1,51,2.3,776,2.96
5462,762,14,32.7,49,1.5,765,2.62
5463,776,15,32.9,46,2.5,1248,2.9
5464,912,16,33.1,42,2.9,1712,2.52
5465,1596,17,32.6,46,2.8,1560,1.95
5466,2692,18,32.0,50,2.6,1374,1.25
5467,2281,19,30.6,54,2.8,1531,0.59
5468,2202,20,28.8,66,1.9,1209,0.09
5469,2188,21,28.0,69,1.8,1140,0.0
5470,1980,22,27.2,73,1.5,1005,0.0
5471,1354,23,26.4,76,0.6,959,0.0
5472,1068,0,25.9,76,1.3,984,0.0
5473,824,1,25.4,79,0.8,924,0.0
5474,591,2,24.8,80,1.5,888,0.0
5475,393,3,24.4,85,0.6,678,0.0
5476,231,4,24.0,87,0.9,582,0.0
5477,329,5,23.6,88,0.2,604,0.0
5478,672,6,23.3,83,0.2,875,0.02
5479,1315,7,23.6,75,0.9,856,0.36
5480,1993,8,25.5,65,0.9,833,1.1
5481,985,9,27.6,62,1.5,1043,1.76
5482,695,10,29.4,56,2.2,1153,2.38
5483,687,11,30.7,48,1.6,1705,2.92
5484,828,12,31.7,42,2.6,1868,3.23
5485,798,13,32.6,47,2.7,1641,3.36
5486,722,14,33.1,47,2.5,1785,3.26
5487,827,15,33.7,41,2.5,1924,3.04
5488,1017,16,33.7,43,2.7,1890,2.55
5489,1536,17,34.0,44,2.3,1891,1.95
5490,2640,18,33.0,51,2.4,1566,1.23
5491,2245,19,31.6,58,2.3,1556,0.56
5492,2114,20,29.8,62,2.9,1931,0.08
5493,2122,21,28.8,69,2.4,1619,0.0
5494,1870,22,28.0,76,1.5,1542,0.0
5495,1318,23,27.2,78,1.9,1601,0.0
5496,1041,0,26.7,80,1.4,1465,0.0
5497,773,1,26.1,81,1.6,1409,0.0
5498,557,2,25.7,84,0.1,1293,0.0
5499,428,3,25.4,84,0.9,1174,0.0
5500,267,4,25.1,83,0.0,1253,0.0
5501,327,5,24.9,83,0.3,1207,0.0
5502,672,6,24.6,82,0.2,1157,0.02
5503,1251,7,25.2,75,0.6,1056,0.34
5504,1896,8,26.6,70,1.3,1062,1.01
5505,1029,9,28.4,65,1.2,806,1.69
5506,641,10,29.8,59,1.2,973,2.32
5507,791,11,31.6,54,1.3,990,2.84
5508,822,12,32.6,51,2.1,800,3.21
5509,805,13,32.4,54,2.4,708,2.5
5510,741,14,33.4,52,2.7,685,2.67
5511,794,15,34.1,45,2.4,1110,2.88
5512,928,16,34.3,45,2.3,1466,2.47
5513,1468,17,34.3,44,2.1,1704,1.87
5514,2419,18,33.9,42,2.0,1969,1.25
5515,2084,19,32.9,44,2.0,1985,0.59
5516,1888,20,30.9,51,2.2,2000,0.07
5517,1869,21,29.8,59,1.4,2000,0.0
5518,1782,22,28.8,65,1.3,1988,0.0
5519,1426,23,28.2,70,1.3,1811,0.0
5520,1132,0,27.5,73,1.1,1834,0.0
5521,945,1,27.0,74,1.1,1833,0.0
5522,684,2,26.4,72,0.2,1766,0.0
5523,477,3,26.1,74,0.1,1683,0.0
5524,347,4,25.6,77,1.2,1203,0.0
5525,292,5,25.0,78,0.3,1474,0.0
5526,381,6,24.9,76,0.0,1473,0.02
5527,491,7,25.3,71,0.4,1226,0.34
5528,720,8,27.4,63,0.9,1043,1.03
5529,729,9,29.6,57,0.9,977,1.71
5530,699,10,31.4,51,1.1,847,2.32
5531,676,11,32.9,45,2.1,1020,2.72
5532,735,12,34.2,35,1.8,1528,3.14
5533,727,13,35.2,34,1.8,1636,3.21
5534,682,14,36.3,34,1.3,1493,3.17
5535,785,15,36.5,35,3.0,1355,2.71
5536,883,16,36.8,30,2.8,1756,2.41
5537,1011,17,36.3,36,3.1,1972,1.91
5538,1202,18,35.0,42,2.9,1953,1.26
5539,1423,19,33.4,51,2.6,2000,0.59
5540,1655,20,31.5,53,1.8,2000,0.08
5541,1731,21,30.2,54,1.8,2000,0.0
5542,1588,22,29.4,55,1.4,2000,0.0
5543,1288,23,28.8,56,1.6,2000,0.0
5544,1088,0,28.1,56,0.2,2000,0.0
5545,772,1,27.3,60,0.8,2000,0.0
5546,587,2,26.8,63,0.6,2000,0.0
5547,438,3,26.3,63,0.2,2000,0.0
5548,270,4,25.9,71,0.3,2000,0.0
5549,256,5,25.5,72,0.4,2000,0.0
5550,286,6,25.3,73,0.6,1979,0.02
5551,360,7,25.8,67,0.9,1773,0.34
5552,477,8,27.9,60,0.6,1835,1.06
5553,526,9,30.5,54,0.9,1907,1.71
5554,522,10,32.2,50,0.8,1881,2.29
5555,499,11,33.8,45,1.9,1928,2.74
5556,560,12,35.5,39,1.9,1803,3.05
5557,569,13,36.7,33,1.8,1911,3.24
5558,565,14,37.4,34,2.3,1860,3.05
5559,632,15,37.5,33,2.0,1816,2.32
5560,771,16,37.8,31,2.5,1929,2.46
5561,965,17,37.6,33,2.1,1837,1.82
5562,1212,18,36.3,35,3.0,1860,0.89
5563,1478,19,34.5,47,2.8,1762,0.42
5564,1688,20,33.3,50,2.3,1706,0.1
5565,1666,21,32.3,50,1.7,1784,0.0
5566,1346,22,31.7,51,1.4,1742,0.0
5567,1030,23,31.2,52,1.5,1670,0.0
5568,792,0,30.6,50,2.3,1631,0.0
5569,542,1,30.0,52,1.5,1774,0.0
5570,382,2,29.7,53,1.4,1682,0.0
5571,238,3,29.6,50,2.1,1970,0.0
5572,174,4,29.3,51,0.9,1498,0.0
5573,310,5,29.3,55,1.6,2000,0.0
5574,652,6,29.2,58,1.7,2000,0.01
5575,1241,7,29.3,58,0.8,2000,0.23
5576,1889,8,30.0,56,0.9,2000,0.54
5577,985,9,31.0,55,1.5,1945,1.14
5578,636,10,31.8,51,1.5,1900,1.71
5579,611,11,32.7,48,2.2,1908,2.53
5580,655,12,34.1,47,2.3,1862,2.94
5581,688,13,33.8,47,1.7,1887,1.57
5582,670,14,34.3,45,2.2,1967,1.64
5583,739,15,35.4,46,2.2,1861,2.48
5584,960,16,34.8,47,2.2,1839,1.32
5585,1310,17,34.8,49,3.0,1866,1.37
5586,2405,18,33.9,53,3.2,1886,0.94
5587,2112,19,32.6,58,3.2,1962,0.45
5588,2051,20,31.5,61,1.8,2000,0.07
5589,1994,21,30.8,60,1.8,2000,0.0
5590,1697,22,30.3,60,1.8,2000,0.0
5591,1157,23,30.0,58,1.6,2000,0.0
5592,874,0,29.6,61,1.0,2000,0.0
5593,715,1,29.1,64,1.2,2000,0.0
5594,487,2,28.6,66,0.9,2000,0.0
5595,332,3,28.2,65,0.3,1999,0.0
5596,218,4,27.8,67,0.2,1982,0.0
5597,306,5,27.5,70,0.1,1976,0.0
5598,673,6,27.2,71,0.8,1920,0.02
5599,1213,7,27.8,63,1.2,1781,0.32
5600,1820,8,29.9,59,0.8,1727,1.03
5601,926,9,31.7,59,1.0,1706,1.69
5602,610,10,32.4,54,0.9,1631,1.45
5603,620,11,33.9,46,1.6,1387,2.15
5604,671,12,34.5,50,1.4,1901,1.89
5605,688,13,36.4,41,1.3,1655,2.86
5606,649,14,35.8,49,2.8,1264,2.4
5607,735,15,35.8,47,2.2,1029,1.51
5608,834,16,34.9,51,2.0,1221,0.76
5609,1297,17,34.9,51,2.2,1235,0.98
5610,2300,18,34.9,53,2.2,1296,0.86
5611,1968,19,33.1,57,2.2,1670,0.44
5612,1834,20,31.1,63,2.0,1542,0.06
5613,1899,21,30.2,65,2.3,1642,0.0
5614,1773,22,29.8,66,3.2,1511,0.0
5615,1193,23,29.3,66,2.8,1854,0.0
5616,939,0,28.9,66,2.2,2000,0.0
5617,726,1,28.7,67,2.6,2000,0.0
5618,499,2,28.8,68,1.8,2000,0.0
5619,327,3,28.9,69,2.8,1871,0.0
5620,212,4,28.5,74,2.6,1549,0.0
5621,299,5,28.3,74,2.4,1378,0.0
5622,657,6,28.1,75,1.8,1092,0.01
5623,1171,7,28.3,72,2.0,1200,0.1
5624,1893,8,28.7,70,3.5,1470,0.52
5625,995,9,29.4,66,2.5,1308,0.91
5626,696,10,30.7,61,2.8,1521,1.5
5627,749,11,30.7,63,3.4,1323,1.13
5628,791,12,31.1,60,2.7,1331,1.02
5629,783,13,32.3,56,3.0,1504,1.74
5630,754,14,33.0,53,1.7,1357,1.73
5631,781,15,34.0,50,3.0,1705,1.72
5632,977,16,34.1,52,2.5,1304,2.23
5633,1412,17,33.2,56,2.2,1428,1.03
5634,2416,18,32.2,58,2.5,1553,0.44
5635,2039,19,31.7,60,2.3,1492,0.23
5636,1935,20,30.9,67,1.7,1470,0.05
5637,1811,21,29.7,74,2.2,1342,0.0
5638,1767,22,28.8,76,2.8,1231,0.0
5639,1289,23,28.0,77,1.9,1346,0.0
5640,939,0,27.7,78,1.2,1341,0.0
5641,718,1,27.6,79,1.0,1261,0.0
5642,498,2,27.6,78,0.1,1289,0.0
5643,355,3,27.7,76,0.2,1376,0.0
5644,252,4,27.7,75,1.0,1360,0.0
5645,306,5,27.4,78,0.8,1301,0.0
5646,602,6,27.4,77,0.7,1113,0.0
5647,1175,7,27.7,75,1.2,1103,0.1
5648,1823,8,28.3,72,0.8,1165,0.34
5649,966,9,29.1,69,1.0,853,0.67
5650,644,10,29.5,68,1.8,946,0.54
5651,614,11,30.2,67,1.5,1003,0.87
5652,600,12,32.0,57,1.6,1075,1.94
5653,628,13,32.4,54,0.7,896,1.41
5654,706,14,33.0,56,2.5,879,1.33
5655,774,15,33.1,58,1.9,882,0.87
5656,920,16,33.5,57,2.8,989,1.55
5657,1394,17,33.1,59,2.9,1038,1.14
5658,2367,18,33.2,59,1.8,1069,0.99
5659,1994,19,32.3,63,2.1,1037,0.41
5660,1790,20,31.0,68,1.4,1162,0.05
5661,1868,21,30.0,74,2.7,1056,0.0
5662,1709,22,29.4,78,1.6,1011,0.0
5663,1273,23,29.0,79,1.2,971,0.0
5664,909,0,28.6,80,0.6,990,0.0
5665,747,1,28.3,78,0.5,1072,0.0
5666,537,2,27.8,79,1.4,1049,0.0
5667,371,3,27.6,80,1.6,929,0.0
5668,218,4,27.3,85,1.6,671,0.0
5669,295,5,27.2,86,0.8,657,0.0
5670,647,6,27.2,85,0.1,702,0.02
5671,1111,7,27.6,80,1.0,783,0.27
5672,1763,8,28.5,76,0.9,725,0.59
5673,934,9,29.9,69,1.5,769,1.12
5674,639,10,31.2,61,2.3,901,1.71
5675,619,11,32.7,56,1.9,1034,2.57
5676,714,12,33.7,53,1.9,990,2.5
5677,653,13,35.3,48,2.5,880,2.89
5678,507,14,34.1,57,1.8,667,1.13
5679,776,15,35.3,52,1.9,822,2.15
5680,905,16,35.0,55,2.8,835,1.56
5681,1289,17,34.7,59,2.7,1095,1.49
5682,2183,18,33.7,62,3.2,1082,0.87
5683,1657,19,32.0,68,3.0,1286,0.38
5684,1565,20,30.7,73,2.8,1310,0.04
5685,1547,21,30.3,75,1.1,1289,0.0
5686,1507,22,29.9,74,2.0,1201,0.0
5687,1182,23,29.7,76,1.2,1159,0.0
5688,992,0,29.4,78,2.1,1072,0.0
5689,875,1,29.1,79,1.3,975,0.0
5690,656,2,28.8,80,1.9,925,0.0
5691,461,3,28.5,81,1.2,911,0.0
5692,340,4,28.3,83,1.7,814,0.0
5693,248,5,28.1,84,0.5,754,0.0
5694,313,6,28.0,85,0.8,647,0.01
5695,428,7,28.4,82,0.7,748,0.16
5696,606,8,29.6,75,0.4,749,0.66
5697,671,9,30.6,74,1.4,716,0.95
5698,654,10,32.0,65,0.9,966,1.19
5699,592,11,32.8,62,0.6,881,1.3
5700,632,12,33.6,62,1.9,820,1.35
5701,741,13,34.2,58,1.8,933,1.33
5704,706,16,28.6,82,3.4,1022,0.14
5705,863,17,28.2,83,1.3,1099,0.11
5706,843,18,29.0,81,0.8,989,0.22
5707,974,19,29.3,78,0.0,988,0.15
5708,1095,20,29.2,82,0.4,1000,0.01
5709,1211,21,29.1,78,1.1,1362,0.0
5710,1158,22,29.0,74,0.9,1652,0.0
5711,1039,23,28.6,74,0.7,1807,0.0
5712,921,0,28.4,70,0.9,1945,0.0
5713,636,1,28.0,71,0.6,1799,0.0
5714,511,2,27.7,73,0.4,1832,0.0
5715,403,3,27.4,73,0.6,1893,0.0
5716,245,4,27.0,74,0.8,1816,0.0
5717,199,5,26.7,75,0.3,1871,0.0
5718,266,6,26.4,76,0.4,1813,0.01
5719,345,7,26.9,69,0.8,1960,0.29
5720,456,8,28.6,63,0.8,1867,1.0
5721,519,9,30.6,54,1.7,1831,1.68
5722,473,10,32.4,48,1.9,1952,2.33
5723,476,11,33.6,46,1.7,1965,2.6
5724,644,12,33.8,47,1.7,1962,1.92
5725,622,13,34.4,41,2.9,1970,2.33
5726,630,14,35.4,43,1.4,2000,2.48
5727,713,15,35.9,37,1.9,1949,1.98
5728,760,16,36.0,33,1.4,2000,1.97
5729,895,17,36.3,36,1.5,2000,1.87
5730,1141,18,35.8,35,1.3,2000,1.21
5731,1486,19,34.4,39,1.2,2000,0.58
5732,1697,20,32.3,48,1.4,2000,0.08
5733,1638,21,31.1,47,1.3,2000,0.0
5734,1406,22,30.4,45,1.6,2000,0.0
5735,1108,23,29.9,45,1.4,2000,0.0
5736,810,0,29.2,50,1.1,2000,0.0
5737,575,1,28.5,54,1.1,2000,0.0
5738,363,2,28.0,57,1.2,2000,0.0
5739,253,3,27.4,59,1.4,2000,0.0
5740,209,4,26.7,62,1.0,2000,0.0
5741,273,5,26.4,62,0.6,2000,0.0
5742,668,6,26.2,64,1.4,2000,0.01
5743,1130,7,26.8,59,1.1,2000,0.28
5744,1646,8,28.8,56,1.4,2000,1.08
5745,866,9,30.5,53,1.6,2000,1.74
5746,609,10,32.0,50,2.1,1992,2.34
5747,623,11,33.2,46,1.4,1968,2.16
5748,663,12,33.6,48,1.6,2000,1.89
5749,688,13,34.7,43,1.3,2000,2.05
5750,645,14,35.3,41,1.3,2000,2.01
5751,666,15,35.5,43,1.3,2000,1.61
5752,845,16,36.4,40,1.1,2000,1.79
5753,1224,17,35.4,44,0.8,2000,1.1
5754,2347,18,36.5,38,0.9,2000,1.17
5755,2016,19,35.2,43,0.9,2000,0.42
5756,1947,20,33.9,46,1.4,2000,0.03
5757,1875,21,33.1,48,1.1,2000,0.0
5758,1552,22,32.5,50,1.2,2000,0.0
5759,1202,23,31.7,52,1.2,2000,0.0
5760,901,0,31.0,54,0.8,2000,0.0
5761,695,1,30.2,57,0.7,2000,0.0
5762,476,2,29.8,57,0.8,2000,0.0
5763,334,3,29.3,57,1.6,2000,0.0
5764,244,4,28.8,58,0.9,2000,0.0
5765,284,5,28.3,60,1.6,2000,0.0
5766,584,6,27.9,63,0.5,2000,0.01
5767,1091,7,27.9,60,1.1,1983,0.28
5768,1665,8,29.3,51,0.9,2000,1.02
5769,860,9,30.9,47,1.0,2000,1.62
5770,582,10,32.7,43,1.2,2000,2.31
5771,583,11,34.1,40,1.5,1947,2.8
5772,626,12,35.2,39,1.2,2000,2.86
5773,623,13,36.1,38,1.0,2000,3.12
5774,579,14,36.4,35,1.3,1967,2.46
5775,665,15,37.8,34,1.8,1965,2.81
5776,763,16,37.0,38,1.2,2000,2.07
5777,1184,17,38.0,36,1.3,1989,2.03
5778,2092,18,36.2,45,2.0,2000,0.65
5779,1865,19,34.9,47,2.4,2000,0.42
5780,1772,20,33.5,50,2.1,2000,0.04
5781,1719,21,32.7,51,2.8,2000,0.0
5782,1613,22,31.6,66,3.0,2000,0.0
5783,1097,23,31.0,65,0.5,2000,0.0
5784,875,0,30.5,68,1.9,2000,0.0
5785,724,1,29.9,70,1.0,2000,0.0
5786,501,2,29.5,69,0.8,2000,0.0
5787,362,3,29.1,64,0.5,1997,0.0
5788,250,4,28.5,69,0.3,2000,0.0
5789,315,5,28.3,68,0.3,2000,0.0
5790,622,6,27.8,73,0.9,1971,0.01
5791,1061,7,28.2,68,0.5,1748,0.27
5792,1550,8,30.3,59,0.8,1920,1.02
5793,853,9,32.4,53,0.7,1264,1.69
5794,540,10,34.3,45,1.0,1919,2.31
5795,521,11,35.8,41,1.6,1795,2.77
5796,569,12,36.8,39,1.3,1944,2.8
5797,533,13,37.9,38,2.3,1868,3.05
5798,475,14,38.7,38,2.4,1943,3.12
5799,531,15,39.3,37,2.3,1892,2.82
5800,561,16,39.4,39,2.5,1897,2.42
5801,1033,17,39.0,41,2.6,1881,1.83
5802,1929,18,37.8,47,3.8,1931,1.09
5803,1553,19,36.1,56,3.7,1837,0.47
5804,1441,20,34.5,62,2.8,1701,0.02
5805,1500,21,33.3,64,3.0,1680,0.0
5806,1367,22,32.6,64,2.4,1703,0.0
5807,1046,23,32.3,67,1.0,1592,0.0
5808,850,0,31.9,67,1.5,1550,0.0
5809,647,1,31.5,69,1.5,1512,0.0
5810,459,2,31.5,68,0.0,1504,0.0
5811,295,3,31.1,70,0.4,1449,0.0
5812,215,4,31.1,54,1.9,2000,0.0
5813,265,5,30.7,57,0.9,2000,0.0
5814,578,6,30.4,54,1.3,2000,0.01
5815,1006,7,30.5,53,1.1,2000,0.22
5816,1579,8,31.6,50,1.1,1943,0.76
5817,813,9,32.9,49,1.8,1843,1.53
5818,549,10,34.4,46,2.0,1880,1.94
5819,547,11,35.3,45,1.7,1829,2.27
5820,562,12,36.6,41,2.0,1866,2.58
5821,550,13,36.7,44,1.4,1765,1.9
5822,535,14,37.3,40,1.8,1666,1.52
5823,605,15,36.6,44,1.5,1771,1.13
5824,676,16,37.9,39,1.6,1757,1.76
5825,1066,17,37.4,44,2.3,1829,1.49
5826,1881,18,36.7,47,2.5,1803,0.99
5827,1605,19,35.2,52,2.3,1754,0.44
5828,1480,20,33.9,58,2.4,1519,0.04
5829,1535,21,33.3,63,1.2,1304,0.0
5830,1375,22,32.9,64,1.0,1088,0.0
5831,1020,23,32.4,64,1.7,1153,0.0
5832,763,0,32.1,67,1.1,1077,0.0
5833,675,1,31.7,68,0.3,1103,0.0
5834,443,2,31.5,68,0.3,1001,0.0
5835,327,3,31.2,68,1.4,968,0.0
5836,236,4,31.0,73,0.5,990,0.0
5837,266,5,30.5,72,0.5,1084,0.0
5838,544,6,30.5,62,1.3,1583,0.01
5839,937,7,30.8,58,1.6,1777,0.22
5840,1471,8,31.8,55,1.3,1537,0.78
5841,784,9,33.0,50,1.7,1722,1.49
5842,530,10,34.3,48,2.5,1822,2.12
5843,575,11,35.7,42,1.6,1727,2.56
5844,585,12,36.8,41,2.1,1759,2.53
5845,585,13,36.8,44,1.8,1625,1.79
5846,575,14,37.4,40,2.8,1519,2.03
5847,600,15,37.4,44,3.2,1499,2.71
5848,763,16,36.7,44,3.5,1666,2.16
5849,1105,17,35.8,49,3.9,1633,1.52
5850,1920,18,34.4,53,3.3,1650,0.8
5851,1558,19,33.5,54,2.7,1871,0.35
5852,1517,20,32.2,58,1.9,1673,0.02
5853,1511,21,31.2,63,1.7,1537,0.0
5854,1421,22,30.6,64,1.2,1705,0.0
5855,1103,23,30.2,62,0.8,1708,0.0
5856,953,0,30.0,61,1.7,1794,0.0
5857,872,1,29.9,61,1.1,1745,0.0
5858,594,2,29.9,59,1.9,1902,0.0
5859,435,3,29.7,57,1.5,1964,0.0
5860,304,4,29.5,60,1.2,1774,0.0
5861,234,5,29.2,62,2.1,1835,0.0
5862,289,6,29.1,63,1.6,1818,0.0
5863,405,7,29.4,62,1.9,1758,0.24
5864,568,8,30.2,61,1.8,1562,0.65
5865,598,9,31.3,58,1.9,1598,1.24
5866,569,10,32.3,56,1.7,1625,1.61
5867,655,11,33.4,52,2.8,1462,2.19
5868,640,12,33.2,52,2.5,1514,1.59
5869,703,13,33.6,54,3.7,1754,2.56
5870,676,14,33.1,54,4.2,1879,2.09
5871,690,15,34.7,48,3.6,1973,2.47
5872,700,16,34.5,49,4.0,1925,2.35
5873,901,17,34.3,48,3.4,2000,1.82
5874,1044,18,33.2,52,3.7,1986,1.14
5875,1277,19,32.0,57,2.9,2000,0.48
5876,1387,20,30.2,66,2.8,2000,0.02
5877,1377,21,29.2,73,1.9,1933,0.0
5878,1337,22,28.6,74,2.5,1804,0.0
5879,1155,23,28.2,78,2.5,1678,0.0
5880,983,0,28.0,82,1.4,1221,0.0
5881,758,1,27.7,83,2.7,1128,0.0
5882,509,2,27.5,83,2.7,1118,0.0
5883,401,3,27.3,84,1.7,1089,0.0
5884,253,4,27.3,83,2.2,1054,0.0
5885,188,5,27.3,84,0.8,1067,0.0
5886,222,6,27.3,83,1.4,1080,0.0
5889,422,9,29.1,76,2.2,1041,1.38
5890,461,10,29.5,78,2.0,1091,1.28
5891,499,11,31.2,63,2.6,1695,1.99
5892,565,12,32.5,59,3.4,1780,2.33
5893,600,13,33.0,56,3.5,1857,2.68
5894,639,14,33.3,55,4.7,1921,3.05
5895,712,15,33.7,55,3.7,1843,2.67
5896,818,16,33.6,57,3.5,1901,2.19
5897,978,17,32.8,61,4.0,1878,1.46
5898,1247,18,31.8,63,4.0,1849,0.81
5899,1411,19,30.9,68,3.3,1821,0.52
5900,1524,20,30.0,72,3.5,1765,0.09
5901,1465,21,29.3,75,3.6,1674,0.0
5902,1286,22,29.1,77,3.0,1559,0.0
5903,942,23,28.8,79,1.3,1484,0.0
5904,707,0,28.7,79,2.2,1473,0.0
5905,455,1,28.7,80,1.5,1295,0.0
5906,309,2,28.6,80,1.2,1163,0.0
5907,219,3,28.6,81,1.1,1105,0.0
5908,162,4,28.4,82,0.5,1144,0.0
5909,258,5,28.3,83,1.7,969,0.0
5910,546,6,28.3,83,1.1,900,0.0
5911,699,7,28.5,82,0.8,914,0.09
5914,533,10,29.8,76,1.4,850,1.52
5915,569,11,31.3,70,1.0,1227,1.89
5916,613,12,33.2,59,2.6,1289,2.37
5917,666,13,34.3,54,2.2,1540,2.93
5918,571,14,34.0,59,3.2,1180,1.98
5919,646,15,33.6,58,3.6,1448,1.98
5920,752,16,34.6,55,2.5,1650,2.01
5921,1063,17,35.0,53,1.5,1618,1.78
5922,1956,18,32.8,63,1.3,1799,0.31
5923,1548,19,32.2,65,0.8,1894,0.1
5924,1537,20,31.3,65,2.0,1586,0.02
5925,1611,21,30.6,70,1.6,1542,0.0
5926,1371,22,30.1,72,0.4,1806,0.0
5928,842,0,28.8,72,0.8,2000,0.0
5929,619,1,28.2,68,0.9,2000,0.0
5930,443,2,27.9,68,0.9,2000,0.0
5931,278,3,27.6,69,0.9,2000,0.0
5932,201,4,27.3,68,0.7,2000,0.0
5933,273,5,27.1,69,0.9,2000,0.0
5934,634,6,26.8,70,0.7,2000,0.0
5935,1059,7,27.0,69,0.8,2000,0.23
5936,1695,8,28.5,64,2.0,2000,0.89
5937,961,9,29.3,66,1.1,2000,1.07
5938,635,10,30.1,65,1.2,2000,1.11
5939,657,11,31.4,59,0.8,2000,1.3
5940,770,12,31.9,57,0.9,1981,1.28
5941,662,13,33.0,55,1.0,1967,1.49
5942,658,14,34.0,50,1.2,1744,1.68
5943,698,15,34.3,49,1.0,1633,1.62
5944,855,16,35.4,45,2.6,1529,1.84
5945,1232,17,35.6,44,2.4,1860,1.69
5946,2274,18,34.6,50,3.1,1821,1.0
5947,1898,19,32.9,56,2.6,1944,0.4
5948,1836,20,31.1,64,2.7,1770,0.02
5949,1826,21,30.3,69,2.2,1834,0.0
5950,1664,22,29.8,75,1.4,1609,0.0
5951,1136,23,29.5,78,1.4,1469,0.0
5952,853,0,29.1,77,2.1,1465,0.0
5953,700,1,28.5,80,1.5,1306,0.0
5954,489,2,28.3,84,2.1,1099,0.0
5955,322,3,28.3,84,0.5,1006,0.0
5956,183,4,28.0,85,1.0,1079,0.0
5957,260,5,27.9,84,0.0,1172,0.0
5958,614,6,27.6,84,1.2,1123,0.01
5959,1079,7,28.2,82,1.5,985,0.19
5960,1693,8,28.6,80,1.6,708,0.49
5961,920,9,30.2,66,1.4,1131,1.48
5962,657,10,31.6,58,2.3,1528,2.02
5963,624,11,32.7,55,2.7,1836,2.44
5964,629,12,34.1,46,1.6,1885,2.72
5965,673,13,34.4,48,2.1,1921,2.37
5966,670,14,33.6,50,3.5,1993,1.15
5967,687,15,34.5,47,3.2,1958,2.32
5968,839,16,35.1,40,2.6,1989,2.29
5969,1266,17,35.0,37,2.6,2000,1.72
5970,2326,18,34.5,45,2.0,2000,1.0
5971,1983,19,32.6,60,3.5,1982,0.37
5972,1822,20,31.0,66,2.9,1857,0.02
5973,1783,21,29.7,71,3.2,1934,0.0
5974,1628,22,29.5,73,0.9,1936,0.0
5975,1180,23,29.1,77,0.4,1552,0.0
5976,929,0,28.9,75,1.6,1946,0.0
5977,733,1,28.8,75,2.1,1975,0.0
5978,466,2,28.5,79,1.2,1546,0.0
5979,334,3,28.3,80,1.4,1617,0.0
5980,189,4,28.1,81,1.5,1729,0.0
5981,292,5,27.8,82,1.0,1599,0.0
5982,619,6,27.7,84,1.4,1436,0.0
5983,1088,7,27.9,81,1.8,1497,0.12
5984,1731,8,28.6,75,1.2,1588,0.56
5985,977,9,29.4,64,2.3,1926,0.9
5986,649,10,30.4,63,1.8,1883,1.32
5987,659,11,30.8,63,2.4,1919,0.94
5988,484,12,31.1,63,3.0,1795,1.14
5990,561,14,30.8,69,1.8,1218,1.58
5991,644,15,31.2,67,2.7,1368,1.39
5992,559,16,31.6,73,3.0,1133,1.57
5995,1698,19,28.2,82,0.4,1832,0.16
5996,1591,20,27.9,78,0.6,1989,0.03
5997,1654,21,27.8,82,0.3,1397,0.0
5998,1494,22,27.5,82,0.4,1228,0.0
5999,1075,23,27.3,81,0.0,1287,0.0
6000,903,0,27.1,84,0.2,1161,0.0
6001,708,1,26.9,84,0.2,1061,0.0
6002,484,2,26.9,84,0.8,1007,0.0
6003,346,3,26.7,84,0.4,994,0.0
6004,214,4,26.3,85,0.4,1216,0.0
6005,283,5,26.1,83,0.3,1617,0.0
6006,645,6,25.7,83,0.6,1483,0.0
6007,1027,7,26.0,78,0.7,1988,0.16
6008,1728,8,27.2,69,1.8,1999,0.7
6009,892,9,29.0,64,0.8,1987,1.45
6010,683,10,30.5,58,0.6,1875,1.84
6011,697,11,31.9,53,1.2,2000,2.33
6012,721,12,33.4,47,1.3,2000,2.51
6013,696,13,34.2,41,1.7,2000,2.31
6014,658,14,35.1,44,1.6,2000,2.25
6015,725,15,34.8,47,2.4,2000,2.21
6016,853,16,36.4,40,3.2,2000,2.59
6017,1293,17,36.3,40,2.7,2000,1.93
6018,2289,18,35.2,44,2.6,2000,1.23
6019,1903,19,33.4,49,2.6,2000,0.32
6020,1702,20,32.2,52,2.3,2000,0.02
6021,1641,21,31.3,55,0.9,2000,0.0
6022,1544,22,30.9,54,0.8,2000,0.0
6023,1198,23,30.4,58,1.4,2000,0.0
6024,1022,0,29.8,63,2.0,2000,0.0
6025,881,1,29.0,67,1.1,2000,0.0
6026,691,2,28.5,68,1.1,1839,0.0
6027,441,3,27.9,69,0.8,2000,0.0
6028,266,4,27.4,69,1.0,2000,0.0
6029,263,5,26.9,69,0.7,2000,0.0
6030,355,6,26.5,69,0.8,2000,0.0
6031,425,7,26.7,67,0.8,2000,0.13
6032,647,8,28.0,60,1.0,2000,0.91
6033,672,9,29.7,58,1.3,1955,1.68
6034,643,10,31.3,53,1.8,2000,2.34
6035,766,11,31.5,54,2.5,1918,1.78
6036,759,12,33.2,50,2.3,2000,2.84
6037,830,13,34.1,45,1.5,1993,2.57
6038,733,14,34.5,43,2.6,2000,2.37
6039,694,15,35.0,41,1.5,2000,2.4
6040,826,16,35.6,39,2.7,2000,1.81
6041,1006,17,35.8,36,2.2,2000,1.58
6042,1274,18,34.4,40,1.8,2000,0.65
6043,1482,19,33.8,44,2.2,2000,0.3
6044,1469,20,32.8,47,1.9,2000,0.01
6045,1437,21,31.6,63,1.2,1980,0.0
6046,1351,22,31.3,53,2.3,2000,0.0
6047,1076,23,30.7,55,1.5,2000,0.0
6048,997,0,29.9,56,2.0,2000,0.0
6049,703,1,29.4,58,1.5,2000,0.0
6050,554,2,29.0,60,1.4,2000,0.0
6051,387,3,28.5,62,1.6,2000,0.0
6052,260,4,28.1,63,0.8,2000,0.0
6053,196,5,27.7,65,1.4,2000,0.0
6054,261,6,27.2,66,0.9,2000,0.0
6055,316,7,27.4,61,0.6,2000,0.17
6056,520,8,28.6,54,1.1,2000,0.82
6057,568,9,29.7,55,1.6,2000,1.44
6058,483,10,31.6,51,2.3,1969,2.3
6059,526,11,32.8,49,2.8,2000,2.87
6060,670,12,33.8,44,2.0,1899,2.72
6061,704,13,34.0,47,1.4,2000,2.24
6062,697,14,35.0,45,2.2,1957,2.73
6063,820,15,34.9,46,2.0,2000,1.54
6064,959,16,34.1,47,2.5,2000,0.61
6065,1156,17,33.7,48,2.3,2000,0.41
6066,1225,18,33.4,49,1.6,1971,0.25
6069,1337,21,28.9,83,0.3,1449,0.0
6070,1127,22,28.8,79,0.2,1604,0.0
6071,707,23,28.7,81,0.4,1586,0.0
6072,409,0,28.4,85,1.3,1406,0.0
6074,212,2,28.1,78,0.9,1191,0.0
6075,196,3,27.7,88,0.5,833,0.0
6076,151,4,27.1,91,0.9,585,0.0
6077,230,5,26.8,90,0.6,591,0.0
6078,594,6,26.7,89,0.6,615,0.0
6079,1065,7,27.0,86,0.9,718,0.22
6080,1657,8,28.0,78,1.1,865,0.74
6081,903,9,29.4,74,2.0,917,1.18
6082,639,10,30.6,67,0.7,1354,1.2
6083,677,11,31.7,58,1.1,1584,1.27
6084,724,12,33.4,54,2.6,1648,2.09
6085,698,13,33.0,54,1.7,1458,1.23
6086,651,14,33.6,55,1.1,1375,0.94
6087,709,15,34.0,51,1.8,1508,0.98
6088,901,16,33.5,52,2.2,1804,0.91
6089,1358,17,33.2,55,2.7,1600,0.55
6090,2367,18,33.1,59,3.1,1726,0.72
6091,2036,19,32.1,60,2.3,1987,0.25
6092,1847,20,31.0,64,2.9,1992,0.01
6093,1851,21,30.4,66,1.6,2000,0.0
6094,1635,22,29.9,60,1.3,2000,0.0
6095,1086,23,29.6,63,0.1,2000,0.0
6096,872,0,29.3,68,1.6,2000,0.0
6097,681,1,28.9,71,1.2,1982,0.0
6098,467,2,28.6,70,1.5,2000,0.0
6099,345,3,28.4,73,1.4,1990,0.0
6100,209,4,28.1,71,0.4,2000,0.0
6101,254,5,27.9,71,0.3,2000,0.0
6102,643,6,27.8,71,0.1,2000,0.0
6103,1097,7,27.9,71,0.4,2000,0.13
6104,1708,8,29.3,63,0.9,1810,0.76
6105,944,9,31.0,56,0.8,1945,1.32
6106,615,10,31.7,57,1.3,1875,1.25
6107,636,11,32.4,54,1.9,1962,0.96
6108,699,12,33.9,49,1.5,1841,1.91
6109,695,13,35.7,38,2.4,1863,2.5
6110,627,14,36.2,41,2.9,1814,2.68
6111,700,15,37.2,38,2.5,1832,2.68
6112,920,16,36.3,41,2.4,1957,1.85
6113,1306,17,34.7,51,3.0,2000,1.22
6114,2305,18,33.7,53,2.4,2000,0.78
6115,1972,19,32.7,56,2.2,2000,0.33
6116,1705,20,31.8,59,0.9,2000,0.0
6117,1684,21,31.3,59,0.3,2000,0.0
6118,1587,22,30.9,63,0.7,2000,0.0
6119,1165,23,30.3,65,0.4,2000,0.0
6144,808,0,28.4,68,0.9,2000,0.0
6145,535,1,28.2,70,1.0,2000,0.0
6146,381,2,28.1,68,0.8,2000,0.0
6147,252,3,27.9,68,0.6,2000,0.0
6148,173,4,27.8,69,0.9,2000,0.0
6149,263,5,28.0,66,0.5,2000,0.0
6150,631,6,27.5,72,1.1,2000,0.0
6151,1105,7,27.6,71,1.2,2000,0.14
6152,1660,8,28.2,68,1.3,2000,0.41
6153,876,9,30.6,55,1.1,2000,1.46
6154,612,10,31.9,51,2.2,1939,2.04
6155,672,11,33.5,48,2.4,1968,2.71
6156,668,12,34.5,44,2.2,2000,3.19
6157,652,13,35.1,39,2.0,2000,3.45
6158,638,14,35.3,40,2.0,2000,3.17
6159,720,15,35.0,38,2.0,2000,2.8
6160,902,16,34.5,37,1.9,2000,2.36
6161,1384,17,33.8,37,2.2,2000,1.74
6162,2481,18,32.4,40,2.1,2000,1.04
6163,2286,19,29.8,45,2.5,2000,0.36
6164,2114,20,27.9,47,1.9,2000,0.01
6165,2127,21,26.8,46,2.0,2000,0.0
6166,1943,22,25.9,45,2.1,2000,0.0
6167,1446,23,25.0,44,2.2,2000,0.0
6168,1109,0,24.1,45,2.0,2000,0.0
6169,842,1,23.4,47,2.1,2000,0.0
6170,572,2,22.8,50,1.4,2000,0.0
6171,375,3,22.4,52,1.3,2000,0.0
6172,276,4,22.1,54,1.6,2000,0.0
6173,304,5,21.8,55,1.9,2000,0.0
6174,719,6,21.8,51,2.0,2000,0.0
6175,1271,7,22.0,49,1.7,2000,0.23
6176,1918,8,23.5,44,1.7,1944,0.98
6177,1069,9,25.5,40,2.6,1990,1.7
6178,717,10,27.0,36,2.2,1977,2.34
6179,844,11,28.8,33,2.2,1951,2.85
6180,904,12,30.3,30,1.9,1981,3.17
6181,820,13,31.3,30,2.1,2000,3.3
6182,791,14,32.7,27,2.0,1964,3.21
6183,970,15,33.5,26,2.1,2000,2.9
6184,1112,16,33.7,26,1.5,2000,2.39
6185,1666,17,33.1,27,1.9,1975,1.76
6186,2797,18,32.5,28,1.4,2000,1.06
6187,2353,19,31.0,31,1.5,2000,0.34
6188,2130,20,28.4,40,1.7,1887,0.0
6189,2008,21,27.1,43,1.6,2000,0.0
6190,1787,22,26.0,45,1.7,2000,0.0
6191,1466,23,25.2,47,1.2,2000,0.0
6192,1191,0,24.5,48,1.2,2000,0.0
6193,969,1,23.9,51,0.9,2000,0.0
6194,698,2,23.4,53,1.1,2000,0.0
6195,483,3,23.0,54,1.0,1818,0.0
6196,316,4,22.6,55,1.4,2000,0.0
6197,262,5,22.0,58,1.0,2000,0.0
6198,397,6,21.6,60,1.0,2000,0.0
6199,475,7,21.7,57,1.3,2000,0.23
6200,754,8,23.2,47,1.0,2000,0.93
6201,771,9,25.3,42,1.4,1921,1.7
6202,769,10,27.0,37,1.2,1962,2.32
6203,857,11,28.4,35,1.6,2000,2.82
6204,952,12,29.8,33,1.5,1936,3.14
6205,1003,13,31.1,30,1.5,2000,3.24
6206,1121,14,31.0,31,1.8,1999,2.8
6207,1196,15,31.7,30,1.9,1943,2.23
6208,1398,16,31.8,33,2.1,2000,1.88
6209,1806,17,29.9,39,2.9,2000,0.86
6210,1979,18,30.1,37,2.1,2000,0.88
6211,2127,19,28.5,45,1.6,2000,0.23
6212,1965,20,27.6,46,1.2,2000,0.01
6213,1886,21,26.8,48,0.9,2000,0.0
6214,1681,22,26.3,48,0.8,2000,0.0
6215,1342,23,25.9,52,1.3,2000,0.0
6216,1100,0,25.3,53,2.4,2000,0.0
6217,844,1,25.0,57,0.9,2000,0.0
6218,611,2,24.5,59,0.3,2000,0.0
6219,425,3,24.0,59,0.6,2000,0.0
6220,264,4,23.6,61,0.3,2000,0.0
6221,223,5,23.4,63,0.3,2000,0.0
6222,260,6,23.1,64,0.6,2000,0.0
6223,392,7,23.3,64,1.0,2000,0.1
6224,592,8,24.4,58,0.8,2000,0.45
6225,645,9,26.3,50,0.7,1980,1.28
6226,732,10,27.3,49,0.9,1968,1.17
6227,795,11,28.4,43,1.0,1914,1.52
6228,926,12,30.9,37,1.8,1858,2.98
6229,943,13,32.4,33,2.7,1893,3.1
6230,972,14,33.4,31,1.2,1962,2.73
6231,1181,15,33.8,31,1.6,2000,2.45
6232,1395,16,33.3,32,2.4,2000,1.98
6233,1721,17,32.7,33,2.5,1994,1.18
6234,1928,18,32.3,41,1.9,2000,0.62
6235,2186,19,29.7,55,2.5,2000,0.23
6236,2029,20,28.5,58,1.4,2000,0.0
6237,1821,21,27.9,61,0.7,2000,0.0
6238,1546,22,27.7,62,0.6,2000,0.0
6239,1016,23,27.5,60,0.3,2000,0.0
6240,818,0,27.0,62,0.6,2000,0.0
6241,527,1,26.6,64,0.2,2000,0.0
6242,352,2,26.3,65,0.3,2000,0.0
6243,255,3,26.1,65,0.6,2000,0.0
6244,193,4,26.2,65,1.1,1542,0.0
6245,281,5,25.7,68,0.8,1395,0.0
6246,675,6,25.3,67,1.5,1450,0.0
6247,1285,7,25.4,60,1.4,1879,0.16
6248,1912,8,26.6,54,1.1,1739,0.75
6249,993,9,27.5,54,1.0,1993,0.81
6250,719,10,29.3,49,2.0,1875,1.65
6251,766,11,31.2,45,1.9,1810,2.72
6252,808,12,31.7,45,2.5,1814,1.96
6253,847,13,31.6,46,2.7,1864,1.77
6254,816,14,32.1,45,2.8,1966,1.51
6255,992,15,32.9,45,1.9,1877,1.84
6256,1253,16,32.3,45,2.8,1928,0.98
6257,1704,17,32.1,44,2.6,1731,0.6
6258,2628,18,31.6,47,2.1,1867,0.26
6259,2162,19,30.8,55,1.9,1170,0.06
6260,1999,20,29.8,61,3.4,1525,0.0
6261,1971,21,29.3,63,3.1,1677,0.0
6262,1630,22,29.0,63,4.2,1776,0.0
6263,1241,23,28.5,62,4.9,1882,0.0
6264,898,0,28.3,59,3.7,1945,0.0
6265,690,1,28.0,61,3.9,1890,0.0
6266,376,2,27.6,60,4.3,1854,0.0
6272,1530,8,24.0,84,3.5,1975,0.47
6273,876,9,24.4,82,3.0,1847,0.6
6274,402,10,24.8,82,3.2,1732,0.34
6275,681,11,24.7,85,2.3,1438,0.27
6276,848,12,25.7,74,3.4,1951,1.16
6277,827,13,27.1,66,2.6,1895,1.54
6278,788,14,28.5,58,2.6,1965,1.93
6279,957,15,29.5,57,2.0,2000,2.1
6280,1112,16,30.4,53,2.0,1990,1.82
6281,1663,17,30.8,52,2.3,1953,1.49
6282,2830,18,30.3,56,1.7,2000,0.8
6283,2364,19,29.2,62,1.7,2000,0.31
6284,2169,20,27.7,69,1.6,1992,0.01
6285,2057,21,26.8,72,0.4,1985,0.0
6286,1828,22,26.1,76,1.2,1867,0.0
6287,1277,23,25.6,75,0.1,1892,0.0
6288,1025,0,25.1,79,0.5,1891,0.0
6289,782,1,24.6,79,0.6,1884,0.0
6290,512,2,24.2,79,0.6,1882,0.0
6291,346,3,24.1,80,0.8,1920,0.0
6292,214,4,23.6,81,0.8,1943,0.0
6293,289,5,23.4,82,0.4,2000,0.0
6294,655,6,23.7,78,0.3,2000,0.0
6295,1330,7,24.3,74,0.6,1999,0.1
6296,1990,8,25.7,66,0.9,1976,0.64
6297,1015,9,28.0,56,1.5,1982,1.57
6298,700,10,30.2,52,1.4,1923,2.13
6299,710,11,32.1,49,1.6,1874,2.63
6300,784,12,33.9,45,1.4,1923,2.95
6301,727,13,35.3,41,2.1,1925,3.1
6302,760,14,36.2,36,1.5,1985,2.87
6303,842,15,36.8,36,1.0,2000,2.46
6304,993,16,37.4,35,1.3,2000,2.0
6305,1495,17,36.4,39,1.2,2000,1.15
6306,2528,18,35.4,40,1.0,2000,0.34
6307,2087,19,35.2,41,0.5,2000,0.31
6308,1808,20,33.2,51,1.0,2000,0.02
6309,1807,21,33.1,46,2.7,2000,0.0
6310,1556,22,32.1,47,2.0,2000,0.0
6311,1117,23,31.2,50,1.8,2000,0.0
6312,908,0,30.7,52,1.3,2000,0.0
6313,745,1,30.1,54,0.8,2000,0.0
6314,492,2,29.8,53,1.4,2000,0.0
6315,304,3,29.7,52,1.4,2000,0.0
6316,168,4,29.3,54,1.0,2000,0.0
6318,492,6,28.3,55,1.5,2000,0.0
6319,720,7,28.3,55,1.1,2000,0.03
6320,1678,8,28.1,58,1.3,2000,0.14
6321,924,9,29.3,54,1.5,2000,0.82
6322,551,10,30.2,52,1.8,2000,0.93
6324,769,12,31.9,49,1.9,2000,1.85
6325,584,13,31.0,53,1.9,2000,0.79
6327,837,15,32.0,53,2.1,1992,1.57
6328,944,16,31.7,56,1.9,2000,0.92
6329,1249,17,30.8,59,2.2,2000,0.41
6330,1447,18,30.6,55,2.3,2000,0.11
6331,582,19,30.0,59,2.2,1970,0.01
6343,400,7,24.2,88,2.3,2000,0.05
6344,578,8,24.4,86,1.7,2000,0.13
6345,484,9,24.8,85,1.7,2000,0.32
6346,286,10,26.0,77,2.2,2000,0.61
6347,415,11,26.2,76,2.6,1995,0.88
6348,355,12,25.8,81,3.2,1828,0.8
6349,274,13,25.8,78,2.8,2000,0.95
6352,455,16,24.6,85,2.7,1973,0.55
6353,403,17,24.1,89,1.9,2000,0.58
6355,948,19,23.6,86,3.0,1275,0.04
6356,1162,20,23.5,81,3.5,2000,0.0
6357,1300,21,23.5,79,3.6,2000,0.0
6358,1202,22,23.5,79,2.9,1860,0.0
6359,1084,23,23.4,79,2.7,1990,0.0
6360,980,0,23.2,81,2.4,1976,0.0
6361,886,1,23.0,82,2.1,1922,0.0
6362,708,2,22.9,82,2.1,1829,0.0
6363,456,3,23.1,80,2.0,1849,0.0
6364,306,4,23.2,79,1.8,1941,0.0
6365,232,5,23.3,79,1.7,1592,0.0
6366,318,6,23.5,79,2.0,1439,0.0
6367,490,7,23.7,76,1.9,1281,0.08
6368,721,8,24.1,78,2.0,1133,0.34
6369,808,9,25.3,72,2.4,1220,1.08
6370,858,10,26.3,67,3.2,1673,1.48
6371,916,11,28.0,57,3.3,1827,2.71
6372,1070,12,27.9,55,2.9,1922,1.49
6373,1231,13,28.6,54,2.9,1925,1.85
6374,1261,14,29.2,52,3.1,1735,2.68
6375,1516,15,28.1,53,4.5,1953,1.6
6376,1592,16,27.2,58,3.7,1987,0.99
6377,1797,17,26.9,60,2.8,2000,0.77
6378,2080,18,27.1,56,3.0,1987,0.87
6379,2043,19,25.8,62,3.3,2000,0.27
6380,2022,20,24.6,65,2.9,2000,0.0
6381,1937,21,23.9,71,2.3,2000,0.0
6382,1717,22,23.4,75,1.6,2000,0.0
6383,1357,23,22.9,78,1.4,2000,0.0
6384,1163,0,22.8,78,1.5,2000,0.0
6385,769,1,22.5,80,0.6,2000,0.0
6386,600,2,22.1,84,0.6,2000,0.0
6387,426,3,21.6,85,0.1,1982,0.0
6388,290,4,21.2,86,0.5,1724,0.0
6389,188,5,20.7,88,0.6,1100,0.0
6390,243,6,20.4,88,0.6,1064,0.0
6391,381,7,20.7,85,0.5,1052,0.11
6392,566,8,22.1,74,1.0,1479,0.77
6393,725,9,24.2,64,1.2,1985,1.48
6394,681,10,26.3,53,1.6,2000,2.19
6395,791,11,28.0,46,1.7,1990,2.73
6396,1070,12,28.9,42,2.0,1975,2.5
6397,657,13,27.8,54,3.5,2000,1.15
6399,782,15,24.3,64,1.8,1931,0.59
6401,1399,17,23.5,58,1.2,2000,0.52
6402,1479,18,23.4,67,0.6,2000,0.36
6403,1596,19,22.7,69,1.9,2000,0.08
6404,1674,20,22.4,64,0.8,2000,0.0
6405,1276,21,22.5,65,1.1,2000,0.0
6408,325,0,20.5,85,1.0,2000,0.0
6423,580,15,24.4,87,1.5,1153,1.44
6424,886,16,24.7,85,1.2,1143,0.99
6425,1356,17,24.9,82,0.9,2000,0.67
6426,2153,18,24.8,83,0.8,1947,0.26
6427,1615,19,24.7,83,0.4,2000,0.1
6428,1560,20,24.4,85,0.7,2000,0.01
6429,1762,21,23.9,88,0.8,2000,0.0
6430,1571,22,23.5,88,0.6,2000,0.0
6431,1113,23,23.6,87,0.6,2000,0.0
6432,870,0,23.5,88,0.6,2000,0.0
6433,653,1,23.1,94,0.6,2000,0.0
6434,482,2,23.2,88,0.6,2000,0.0
6435,281,3,22.9,93,0.6,2000,0.0
6436,200,4,22.6,95,0.4,1919,0.0
6437,218,5,22.5,96,0.3,1605,0.0
6438,581,6,22.5,90,0.6,1149,0.0
6439,1182,7,22.6,88,0.8,2000,0.06
6440,1841,8,23.4,83,0.8,1998,0.32
6441,865,9,24.2,80,1.2,1708,0.57
6442,670,10,25.4,75,0.7,1995,0.96
6443,411,11,25.9,79,1.7,1900,0.9
6458,243,2,24.2,91,3.6,1735,0.0
6459,171,3,24.5,87,4.3,1985,0.0
6460,128,4,24.6,86,4.0,1968,0.0
6461,109,5,24.6,87,3.6,1966,0.0
6462,346,6,24.7,85,3.8,2000,0.0
6463,862,7,25.0,85,3.0,2000,0.02
6464,1595,8,25.3,83,3.4,1982,0.14
6465,867,9,25.8,79,2.7,1963,0.3
6466,642,10,26.4,78,2.7,2000,0.44
6467,671,11,26.9,74,3.2,2000,0.45
6468,648,12,27.4,72,4.2,1989,0.54
6469,540,13,27.1,75,3.7,1972,0.28
6470,490,14,26.8,77,3.5,1965,0.11
6471,583,15,26.9,77,2.5,1937,0.26
6472,193,16,27.0,76,3.8,1875,0.21
6480,214,0,24.7,94,2.8,1270,0.0
6484,42,4,23.9,96,0.4,1797,0.0
6486,285,6,24.2,96,1.6,1206,0.0
6487,771,7,24.3,96,1.4,1025,0.04
6488,1330,8,24.6,96,1.0,883,0.19
6489,846,9,25.0,92,1.1,782,0.39
6490,589,10,26.1,81,1.5,860,1.05
6491,716,11,26.2,82,2.6,834,0.59
6492,768,12,27.0,74,2.5,915,0.94
6493,865,13,28.2,66,2.2,1006,1.81
6494,837,14,27.5,66,2.8,989,0.76
6495,982,15,27.2,69,3.5,963,0.95
6496,1142,16,27.6,68,2.1,1038,1.46
6497,1473,17,26.8,73,2.6,916,0.37
6498,1887,18,26.1,72,2.4,1066,0.19
6500,1685,20,24.9,70,1.2,1377,0.0
6501,1732,21,24.8,72,1.4,1298,0.0
6502,1582,22,24.6,71,1.5,1319,0.0
6503,1173,23,24.3,71,0.8,1549,0.0
6504,861,0,23.9,75,1.7,1192,0.0
6505,652,1,23.7,77,1.1,1099,0.0
6506,381,2,23.4,79,0.4,1045,0.0
6507,297,3,23.3,81,1.7,1068,0.0
6508,170,4,23.2,83,1.6,1102,0.0
6509,217,5,23.1,84,0.5,1022,0.0
6510,436,6,22.9,83,0.0,1239,0.0
6511,828,7,22.9,83,0.6,1127,0.01
6513,1049,9,24.1,69,0.9,1662,0.76
6514,794,10,25.5,53,2.3,1843,1.81
6515,868,11,26.7,51,2.7,1925,2.65
6516,982,12,27.8,47,2.9,1905,2.99
6517,965,13,28.7,46,2.6,1815,3.1
6518,987,14,29.3,41,1.9,1928,3.0
6519,1119,15,30.3,41,2.5,1864,2.72
6520,1404,16,29.7,51,3.0,2000,2.27
6521,1869,17,29.1,49,2.8,1969,1.57
6522,2836,18,28.4,57,2.4,2000,0.84
6523,2372,19,26.5,69,2.3,2000,0.18
6524,1995,20,25.4,74,1.6,2000,0.0
6525,1931,21,24.5,78,1.2,2000,0.0
6526,1789,22,24.1,80,0.9,1852,0.0
6527,1329,23,23.8,81,0.6,1893,0.0
